# Blender 4.5.9 LTS
# www.blender.org
mtllib wire_visual.mtl
o wire_visual
v -0.067899 -0.000238 -0.001888
v -0.067790 -0.000361 -0.001891
v -0.067634 -0.000414 -0.001892
v -0.067472 -0.000381 -0.001890
v -0.067348 -0.000272 -0.001886
v -0.067296 -0.000115 -0.001881
v -0.067328 0.000046 -0.001876
v -0.067438 0.000170 -0.001873
v -0.067594 0.000223 -0.001873
v -0.067756 0.000190 -0.001875
v -0.067880 0.000081 -0.001879
v -0.067932 -0.000076 -0.001884
v -0.067941 -0.000298 0.001190
v -0.067832 -0.000422 0.001190
v -0.067676 -0.000474 0.001192
v -0.067514 -0.000441 0.001195
v -0.067390 -0.000332 0.001198
v -0.067338 -0.000176 0.001201
v -0.067370 -0.000014 0.001203
v -0.067480 0.000110 0.001203
v -0.067636 0.000162 0.001201
v -0.067798 0.000130 0.001198
v -0.067922 0.000020 0.001194
v -0.067974 -0.000136 0.001191
v -0.068009 -0.000319 0.004703
v -0.067900 -0.000442 0.004705
v -0.067743 -0.000495 0.004707
v -0.067582 -0.000462 0.004710
v -0.067458 -0.000353 0.004712
v -0.067405 -0.000196 0.004714
v -0.067438 -0.000035 0.004713
v -0.067547 0.000089 0.004712
v -0.067704 0.000142 0.004709
v -0.067866 0.000109 0.004706
v -0.067989 -0.000000 0.004704
v -0.068042 -0.000157 0.004703
v -0.068063 -0.000309 0.008518
v -0.067954 -0.000432 0.008520
v -0.067798 -0.000485 0.008521
v -0.067636 -0.000452 0.008522
v -0.067512 -0.000343 0.008523
v -0.067459 -0.000186 0.008522
v -0.067492 -0.000025 0.008521
v -0.067601 0.000099 0.008520
v -0.067758 0.000152 0.008518
v -0.067920 0.000119 0.008517
v -0.068043 0.000010 0.008517
v -0.068096 -0.000147 0.008517
v -0.068065 -0.000276 0.012501
v -0.067955 -0.000400 0.012501
v -0.067799 -0.000452 0.012500
v -0.067637 -0.000420 0.012498
v -0.067513 -0.000310 0.012496
v -0.067461 -0.000154 0.012494
v -0.067494 0.000008 0.012492
v -0.067603 0.000132 0.012492
v -0.067759 0.000184 0.012494
v -0.067921 0.000151 0.012496
v -0.068045 0.000042 0.012498
v -0.068097 -0.000114 0.012500
v -0.067974 -0.000230 0.016519
v -0.067865 -0.000353 0.016516
v -0.067709 -0.000406 0.016511
v -0.067547 -0.000373 0.016504
v -0.067423 -0.000264 0.016498
v -0.067371 -0.000108 0.016494
v -0.067403 0.000054 0.016493
v -0.067513 0.000178 0.016496
v -0.067669 0.000230 0.016501
v -0.067831 0.000198 0.016508
v -0.067954 0.000089 0.016514
v -0.068007 -0.000068 0.016518
v -0.067752 -0.000178 0.020438
v -0.067643 -0.000302 0.020431
v -0.067487 -0.000355 0.020419
v -0.067326 -0.000322 0.020405
v -0.067203 -0.000213 0.020394
v -0.067150 -0.000056 0.020388
v -0.067183 0.000105 0.020388
v -0.067292 0.000229 0.020395
v -0.067448 0.000282 0.020407
v -0.067609 0.000249 0.020421
v -0.067732 0.000140 0.020433
v -0.067785 -0.000016 0.020439
v -0.067359 -0.000130 0.024127
v -0.067251 -0.000254 0.024113
v -0.067096 -0.000306 0.024092
v -0.066936 -0.000274 0.024068
v -0.066813 -0.000165 0.024049
v -0.066761 -0.000009 0.024040
v -0.066794 0.000153 0.024042
v -0.066902 0.000277 0.024057
v -0.067057 0.000330 0.024078
v -0.067217 0.000298 0.024102
v -0.067339 0.000189 0.024121
v -0.067391 0.000032 0.024130
v -0.066753 -0.000093 0.027455
v -0.066647 -0.000217 0.027431
v -0.066495 -0.000270 0.027394
v -0.066338 -0.000238 0.027356
v -0.066218 -0.000129 0.027326
v -0.066166 0.000028 0.027312
v -0.066198 0.000189 0.027319
v -0.066304 0.000313 0.027343
v -0.066456 0.000366 0.027380
v -0.066614 0.000334 0.027418
v -0.066734 0.000225 0.027448
v -0.066785 0.000069 0.027462
v -0.065892 -0.000077 0.030294
v -0.065791 -0.000201 0.030253
v -0.065646 -0.000254 0.030194
v -0.065497 -0.000222 0.030132
v -0.065382 -0.000113 0.030085
v -0.065333 0.000043 0.030065
v -0.065362 0.000205 0.030077
v -0.065463 0.000329 0.030119
v -0.065608 0.000382 0.030178
v -0.065758 0.000350 0.030239
v -0.065872 0.000241 0.030287
v -0.065921 0.000085 0.030307
v -0.064720 -0.000090 0.032518
v -0.064634 -0.000214 0.032451
v -0.064510 -0.000267 0.032356
v -0.064381 -0.000234 0.032259
v -0.064281 -0.000125 0.032186
v -0.064237 0.000031 0.032156
v -0.064262 0.000193 0.032177
v -0.064347 0.000317 0.032245
v -0.064472 0.000370 0.032340
v -0.064601 0.000337 0.032437
v -0.064701 0.000228 0.032510
v -0.064745 0.000072 0.032540
v -0.063172 -0.000144 0.033984
v -0.063122 -0.000266 0.033885
v -0.063047 -0.000317 0.033748
v -0.062967 -0.000283 0.033607
v -0.062903 -0.000173 0.033502
v -0.062873 -0.000016 0.033461
v -0.062884 0.000146 0.033494
v -0.062934 0.000268 0.033593
v -0.063009 0.000319 0.033731
v -0.063089 0.000285 0.033871
v -0.063153 0.000174 0.033976
v -0.063183 0.000018 0.034017
v -0.061223 -0.000248 0.034505
v -0.061230 -0.000367 0.034390
v -0.061228 -0.000413 0.034231
v -0.061219 -0.000374 0.034071
v -0.061205 -0.000260 0.033953
v -0.061190 -0.000102 0.033907
v -0.061177 0.000057 0.033947
v -0.061170 0.000176 0.034061
v -0.061172 0.000222 0.034220
v -0.061181 0.000183 0.034380
v -0.061195 0.000069 0.034499
v -0.061210 -0.000089 0.034544
v -0.058637 -0.000573 0.034002
v -0.058704 -0.000683 0.033898
v -0.058774 -0.000719 0.033753
v -0.058828 -0.000671 0.033605
v -0.058851 -0.000551 0.033493
v -0.058838 -0.000393 0.033448
v -0.058792 -0.000238 0.033481
v -0.058726 -0.000128 0.033585
v -0.058656 -0.000092 0.033730
v -0.058602 -0.000141 0.033878
v -0.058578 -0.000260 0.033990
v -0.058591 -0.000418 0.034035
v -0.056741 -0.001145 0.032642
v -0.056855 -0.001241 0.032571
v -0.056977 -0.001262 0.032461
v -0.057074 -0.001201 0.032343
v -0.057122 -0.001075 0.032248
v -0.057106 -0.000917 0.032201
v -0.057031 -0.000771 0.032215
v -0.056918 -0.000674 0.032286
v -0.056796 -0.000654 0.032395
v -0.056698 -0.000715 0.032513
v -0.056651 -0.000841 0.032609
v -0.056667 -0.000998 0.032656
v -0.055408 -0.001908 0.030618
v -0.055545 -0.001992 0.030580
v -0.055693 -0.001998 0.030507
v -0.055813 -0.001926 0.030420
v -0.055872 -0.001793 0.030342
v -0.055855 -0.001636 0.030293
v -0.055766 -0.001497 0.030287
v -0.055629 -0.001414 0.030325
v -0.055480 -0.001407 0.030397
v -0.055361 -0.001480 0.030484
v -0.055301 -0.001613 0.030562
v -0.055319 -0.001769 0.030611
v -0.054496 -0.002809 0.028112
v -0.054642 -0.002885 0.028096
v -0.054800 -0.002882 0.028049
v -0.054929 -0.002801 0.027983
v -0.054992 -0.002665 0.027916
v -0.054975 -0.002509 0.027866
v -0.054880 -0.002375 0.027846
v -0.054734 -0.002299 0.027861
v -0.054576 -0.002302 0.027908
v -0.054448 -0.002382 0.027974
v -0.054384 -0.002519 0.028041
v -0.054402 -0.002675 0.028092
v -0.053867 -0.003798 0.025289
v -0.054016 -0.003870 0.025286
v -0.054178 -0.003862 0.025252
v -0.054308 -0.003778 0.025197
v -0.054374 -0.003639 0.025137
v -0.054356 -0.003483 0.025086
v -0.054260 -0.003352 0.025058
v -0.054111 -0.003280 0.025062
v -0.053949 -0.003288 0.025096
v -0.053819 -0.003372 0.025150
v -0.053753 -0.003511 0.025211
v -0.053771 -0.003667 0.025262
v -0.053387 -0.004829 0.022313
v -0.053537 -0.004899 0.022313
v -0.053699 -0.004890 0.022284
v -0.053831 -0.004804 0.022234
v -0.053896 -0.004664 0.022175
v -0.053879 -0.004509 0.022124
v -0.053782 -0.004378 0.022094
v -0.053632 -0.004308 0.022094
v -0.053470 -0.004317 0.022123
v -0.053339 -0.004403 0.022173
v -0.053273 -0.004543 0.022232
v -0.053291 -0.004699 0.022283
v -0.052928 -0.005852 0.019346
v -0.053077 -0.005923 0.019344
v -0.053238 -0.005915 0.019312
v -0.053370 -0.005830 0.019259
v -0.053435 -0.005691 0.019199
v -0.053417 -0.005535 0.019149
v -0.053321 -0.005404 0.019121
v -0.053172 -0.005333 0.019123
v -0.053010 -0.005341 0.019155
v -0.052879 -0.005426 0.019207
v -0.052813 -0.005565 0.019267
v -0.052831 -0.005721 0.019318
v -0.052361 -0.006818 0.016557
v -0.052508 -0.006893 0.016544
v -0.052667 -0.006889 0.016501
v -0.052796 -0.006807 0.016438
v -0.052860 -0.006670 0.016373
v -0.052843 -0.006513 0.016324
v -0.052748 -0.006380 0.016302
v -0.052601 -0.006305 0.016315
v -0.052442 -0.006310 0.016358
v -0.052313 -0.006391 0.016421
v -0.052249 -0.006529 0.016486
v -0.052266 -0.006685 0.016536
v -0.051565 -0.007677 0.014115
v -0.051704 -0.007759 0.014081
v -0.051855 -0.007763 0.014014
v -0.051977 -0.007688 0.013932
v -0.052038 -0.007554 0.013857
v -0.052021 -0.007397 0.013809
v -0.051931 -0.007259 0.013800
v -0.051791 -0.007177 0.013834
v -0.051641 -0.007173 0.013901
v -0.051518 -0.007248 0.013983
v -0.051458 -0.007382 0.014059
v -0.051475 -0.007539 0.014107
v -0.050425 -0.008376 0.012189
v -0.050542 -0.008470 0.012122
v -0.050669 -0.008488 0.012017
v -0.050771 -0.008425 0.011904
v -0.050820 -0.008297 0.011812
v -0.050805 -0.008139 0.011766
v -0.050728 -0.007994 0.011779
v -0.050611 -0.007899 0.011846
v -0.050485 -0.007881 0.011951
v -0.050383 -0.007945 0.012064
v -0.050333 -0.008072 0.012156
v -0.050348 -0.008230 0.012202
v -0.048829 -0.008872 0.010929
v -0.048899 -0.008980 0.010826
v -0.048972 -0.009014 0.010682
v -0.049030 -0.008964 0.010536
v -0.049057 -0.008843 0.010427
v -0.049045 -0.008684 0.010384
v -0.048997 -0.008530 0.010418
v -0.048928 -0.008421 0.010521
v -0.048854 -0.008388 0.010665
v -0.048796 -0.008438 0.010811
v -0.048770 -0.008559 0.010921
v -0.048782 -0.008718 0.010964
v -0.046634 -0.009127 0.010469
v -0.046640 -0.009243 0.010351
v -0.046644 -0.009285 0.010192
v -0.046643 -0.009242 0.010033
v -0.046639 -0.009124 0.009916
v -0.046633 -0.008965 0.009874
v -0.046626 -0.008806 0.009918
v -0.046620 -0.008690 0.010035
v -0.046616 -0.008648 0.010195
v -0.046617 -0.008691 0.010354
v -0.046621 -0.008809 0.010470
v -0.046627 -0.008968 0.010512
v -0.044296 -0.009057 0.010909
v -0.044236 -0.009171 0.010805
v -0.044168 -0.009210 0.010660
v -0.044110 -0.009164 0.010512
v -0.044077 -0.009046 0.010402
v -0.044079 -0.008887 0.010359
v -0.044114 -0.008729 0.010393
v -0.044174 -0.008616 0.010497
v -0.044242 -0.008577 0.010643
v -0.044300 -0.008622 0.010790
v -0.044333 -0.008741 0.010900
v -0.044331 -0.008900 0.010944
v -0.042629 -0.008638 0.012147
v -0.042517 -0.008738 0.012080
v -0.042392 -0.008764 0.011975
v -0.042288 -0.008707 0.011860
v -0.042233 -0.008584 0.011765
v -0.042242 -0.008426 0.011717
v -0.042312 -0.008277 0.011727
v -0.042424 -0.008176 0.011794
v -0.042549 -0.008151 0.011899
v -0.042653 -0.008207 0.012014
v -0.042707 -0.008331 0.012109
v -0.042699 -0.008488 0.012157
v -0.041481 -0.007929 0.014047
v -0.041344 -0.008016 0.014018
v -0.041193 -0.008027 0.013954
v -0.041067 -0.007958 0.013871
v -0.041002 -0.007828 0.013792
v -0.041014 -0.007673 0.013739
v -0.041100 -0.007533 0.013724
v -0.041237 -0.007446 0.013753
v -0.041389 -0.007435 0.013818
v -0.041514 -0.007504 0.013900
v -0.041580 -0.007633 0.013979
v -0.041568 -0.007789 0.014033
v -0.040732 -0.006997 0.016461
v -0.040586 -0.007074 0.016457
v -0.040426 -0.007075 0.016418
v -0.040293 -0.006998 0.016357
v -0.040224 -0.006865 0.016288
v -0.040237 -0.006710 0.016231
v -0.040329 -0.006576 0.016201
v -0.040475 -0.006499 0.016206
v -0.040635 -0.006498 0.016244
v -0.040768 -0.006575 0.016306
v -0.040837 -0.006708 0.016374
v -0.040823 -0.006863 0.016431
v -0.040258 -0.005914 0.019223
v -0.040110 -0.005986 0.019230
v -0.039947 -0.005982 0.019206
v -0.039813 -0.005901 0.019155
v -0.039743 -0.005765 0.019091
v -0.039756 -0.005611 0.019033
v -0.039849 -0.005481 0.018994
v -0.039997 -0.005408 0.018987
v -0.040160 -0.005413 0.019012
v -0.040295 -0.005494 0.019063
v -0.040365 -0.005629 0.019126
v -0.040351 -0.005783 0.019184
v -0.039930 -0.004753 0.022161
v -0.039782 -0.004824 0.022173
v -0.039618 -0.004818 0.022153
v -0.039483 -0.004736 0.022105
v -0.039413 -0.004599 0.022044
v -0.039426 -0.004446 0.021985
v -0.039520 -0.004316 0.021944
v -0.039668 -0.004245 0.021932
v -0.039832 -0.004251 0.021952
v -0.039967 -0.004334 0.022000
v -0.040037 -0.004470 0.022061
v -0.040024 -0.004624 0.022120
v -0.039613 -0.003589 0.025110
v -0.039465 -0.003662 0.025119
v -0.039302 -0.003656 0.025095
v -0.039167 -0.003575 0.025045
v -0.039097 -0.003439 0.024982
v -0.039111 -0.003286 0.024924
v -0.039204 -0.003155 0.024885
v -0.039352 -0.003083 0.024876
v -0.039516 -0.003088 0.024900
v -0.039650 -0.003169 0.024950
v -0.039720 -0.003305 0.025012
v -0.039707 -0.003459 0.025071
v -0.039172 -0.002493 0.027905
v -0.039025 -0.002570 0.027902
v -0.038864 -0.002570 0.027866
v -0.038731 -0.002492 0.027807
v -0.038662 -0.002358 0.027740
v -0.038675 -0.002204 0.027682
v -0.038767 -0.002070 0.027651
v -0.038913 -0.001994 0.027653
v -0.039075 -0.001994 0.027689
v -0.039207 -0.002072 0.027749
v -0.039277 -0.002206 0.027816
v -0.039264 -0.002360 0.027873
v -0.038464 -0.001537 0.030385
v -0.038325 -0.001622 0.030359
v -0.038172 -0.001631 0.030299
v -0.038045 -0.001561 0.030220
v -0.037979 -0.001431 0.030143
v -0.037991 -0.001276 0.030089
v -0.038078 -0.001136 0.030072
v -0.038217 -0.001051 0.030098
v -0.038371 -0.001042 0.030158
v -0.038497 -0.001112 0.030237
v -0.038563 -0.001242 0.030314
v -0.038551 -0.001398 0.030368
v -0.037342 -0.000791 0.032389
v -0.037226 -0.000891 0.032326
v -0.037098 -0.000915 0.032225
v -0.036991 -0.000857 0.032113
v -0.036935 -0.000732 0.032020
v -0.036943 -0.000575 0.031971
v -0.037015 -0.000426 0.031980
v -0.037131 -0.000327 0.032043
v -0.037259 -0.000303 0.032144
v -0.037366 -0.000361 0.032256
v -0.037423 -0.000485 0.032348
v -0.037414 -0.000643 0.032397
v -0.035652 -0.000336 0.033734
v -0.035589 -0.000449 0.033632
v -0.035517 -0.000487 0.033488
v -0.035455 -0.000441 0.033342
v -0.035421 -0.000322 0.033233
v -0.035422 -0.000162 0.033190
v -0.035460 -0.000005 0.033224
v -0.035523 0.000107 0.033327
v -0.035595 0.000146 0.033470
v -0.035657 0.000099 0.033616
v -0.035691 -0.000020 0.033726
v -0.035689 -0.000179 0.033769
v -0.033263 -0.000253 0.034226
v -0.033259 -0.000370 0.034110
v -0.033257 -0.000414 0.033951
v -0.033259 -0.000373 0.033791
v -0.033263 -0.000257 0.033674
v -0.033268 -0.000098 0.033630
v -0.033273 0.000062 0.033671
v -0.033277 0.000179 0.033787
v -0.033278 0.000223 0.033946
v -0.033277 0.000182 0.034106
v -0.033273 0.000066 0.034223
v -0.033268 -0.000093 0.034267
v -0.030837 -0.000170 0.033725
v -0.030872 -0.000291 0.033618
v -0.030933 -0.000340 0.033473
v -0.031006 -0.000304 0.033329
v -0.031070 -0.000193 0.033225
v -0.031109 -0.000037 0.033188
v -0.031111 0.000123 0.033229
v -0.031077 0.000244 0.033336
v -0.031015 0.000293 0.033481
v -0.030942 0.000257 0.033625
v -0.030878 0.000146 0.033729
v -0.030840 -0.000010 0.033766
v -0.029125 0.000288 0.032335
v -0.029181 0.000162 0.032244
v -0.029288 0.000102 0.032134
v -0.029418 0.000123 0.032034
v -0.029535 0.000220 0.031971
v -0.029609 0.000368 0.031962
v -0.029619 0.000526 0.032009
v -0.029563 0.000652 0.032099
v -0.029455 0.000712 0.032209
v -0.029326 0.000691 0.032309
v -0.029208 0.000594 0.032372
v -0.029135 0.000446 0.032382
v -0.028026 0.001035 0.030281
v -0.028092 0.000903 0.030207
v -0.028219 0.000830 0.030130
v -0.028373 0.000836 0.030073
v -0.028514 0.000920 0.030049
v -0.028603 0.001058 0.030065
v -0.028616 0.001214 0.030118
v -0.028551 0.001345 0.030192
v -0.028423 0.001418 0.030269
v -0.028269 0.001412 0.030326
v -0.028129 0.001329 0.030350
v -0.028040 0.001190 0.030334
v -0.027374 0.001985 0.027760
v -0.027442 0.001849 0.027695
v -0.027575 0.001769 0.027639
v -0.027737 0.001766 0.027607
v -0.027884 0.001840 0.027606
v -0.027978 0.001972 0.027639
v -0.027992 0.002127 0.027694
v -0.027924 0.002263 0.027759
v -0.027791 0.002343 0.027815
v -0.027629 0.002346 0.027848
v -0.027482 0.002272 0.027848
v -0.027388 0.002139 0.027816
v -0.027005 0.003069 0.024931
v -0.027074 0.002932 0.024871
v -0.027208 0.002848 0.024825
v -0.027372 0.002840 0.024805
v -0.027521 0.002910 0.024816
v -0.027616 0.003039 0.024856
v -0.027630 0.003193 0.024914
v -0.027561 0.003330 0.024974
v -0.027427 0.003414 0.025020
v -0.027263 0.003422 0.025040
v -0.027114 0.003352 0.025029
v -0.027020 0.003223 0.024989
v -0.026773 0.004218 0.021953
v -0.026842 0.004080 0.021894
v -0.026977 0.003995 0.021851
v -0.027141 0.003986 0.021834
v -0.027290 0.004054 0.021849
v -0.027385 0.004183 0.021891
v -0.027399 0.004336 0.021949
v -0.027330 0.004474 0.022008
v -0.027196 0.004559 0.022052
v -0.027032 0.004569 0.022068
v -0.026882 0.004500 0.022053
v -0.026788 0.004372 0.022011
v -0.026536 0.005361 0.018991
v -0.026605 0.005223 0.018931
v -0.026739 0.005140 0.018884
v -0.026903 0.005132 0.018864
v -0.027052 0.005202 0.018874
v -0.027147 0.005331 0.018914
v -0.027161 0.005485 0.018972
v -0.027092 0.005623 0.019032
v -0.026958 0.005706 0.019079
v -0.026794 0.005714 0.019099
v -0.026645 0.005644 0.019089
v -0.026551 0.005515 0.019049
v -0.026158 0.006425 0.016215
v -0.026226 0.006289 0.016150
v -0.026359 0.006209 0.016093
v -0.026520 0.006207 0.016059
v -0.026667 0.006281 0.016057
v -0.026760 0.006414 0.016089
v -0.026775 0.006569 0.016145
v -0.026707 0.006704 0.016210
v -0.026574 0.006784 0.016267
v -0.026412 0.006787 0.016301
v -0.026265 0.006712 0.016302
v -0.026172 0.006579 0.016271
v -0.025506 0.007335 0.013799
v -0.025571 0.007204 0.013724
v -0.025697 0.007132 0.013646
v -0.025851 0.007139 0.013586
v -0.025991 0.007223 0.013560
v -0.026079 0.007361 0.013575
v -0.026093 0.007517 0.013628
v -0.026027 0.007649 0.013703
v -0.025901 0.007721 0.013781
v -0.025747 0.007714 0.013841
v -0.025608 0.007630 0.013867
v -0.025519 0.007491 0.013851
v -0.024465 0.008020 0.011916
v -0.024520 0.007894 0.011825
v -0.024626 0.007834 0.011713
v -0.024754 0.007856 0.011611
v -0.024869 0.007954 0.011546
v -0.024942 0.008102 0.011535
v -0.024952 0.008260 0.011582
v -0.024896 0.008386 0.011673
v -0.024791 0.008446 0.011785
v -0.024663 0.008424 0.011887
v -0.024547 0.008326 0.011952
v -0.024475 0.008178 0.011963
v -0.022922 0.008419 0.010704
v -0.022955 0.008298 0.010596
v -0.023015 0.008250 0.010450
v -0.023085 0.008286 0.010305
v -0.023147 0.008397 0.010200
v -0.023184 0.008554 0.010163
v -0.023186 0.008713 0.010204
v -0.023153 0.008834 0.010312
v -0.023093 0.008883 0.010458
v -0.023023 0.008847 0.010603
v -0.022961 0.008735 0.010708
v -0.022924 0.008579 0.010745
v -0.020708 0.008480 0.010275
v -0.020712 0.008361 0.010161
v -0.020712 0.008315 0.010003
v -0.020708 0.008353 0.009842
v -0.020701 0.008467 0.009723
v -0.020693 0.008625 0.009677
v -0.020686 0.008786 0.009716
v -0.020682 0.008905 0.009830
v -0.020682 0.008952 0.009988
v -0.020686 0.008913 0.010148
v -0.020694 0.008799 0.010268
v -0.020702 0.008641 0.010314
v -0.018668 0.008231 0.010736
v -0.018641 0.008108 0.010630
v -0.018579 0.008054 0.010486
v -0.018501 0.008083 0.010344
v -0.018426 0.008189 0.010241
v -0.018375 0.008342 0.010205
v -0.018361 0.008501 0.010246
v -0.018389 0.008624 0.010352
v -0.018450 0.008678 0.010496
v -0.018529 0.008649 0.010638
v -0.018604 0.008544 0.010741
v -0.018655 0.008391 0.010777
v -0.017246 0.007750 0.011996
v -0.017195 0.007619 0.011909
v -0.017089 0.007551 0.011803
v -0.016957 0.007563 0.011705
v -0.016833 0.007653 0.011643
v -0.016751 0.007796 0.011632
v -0.016734 0.007954 0.011677
v -0.016785 0.008085 0.011763
v -0.016891 0.008153 0.011870
v -0.017023 0.008141 0.011967
v -0.017147 0.008051 0.012030
v -0.017229 0.007908 0.012040
v -0.016286 0.007064 0.013944
v -0.016225 0.006927 0.013875
v -0.016101 0.006847 0.013802
v -0.015946 0.006845 0.013745
v -0.015802 0.006922 0.013719
v -0.015708 0.007057 0.013731
v -0.015688 0.007214 0.013778
v -0.015749 0.007351 0.013848
v -0.015873 0.007431 0.013921
v -0.016028 0.007433 0.013978
v -0.016172 0.007356 0.014004
v -0.016266 0.007221 0.013992
v -0.015681 0.006218 0.016433
v -0.015617 0.006078 0.016374
v -0.015488 0.005991 0.016320
v -0.015326 0.005981 0.016287
v -0.015176 0.006050 0.016283
v -0.015079 0.006180 0.016309
v -0.015059 0.006337 0.016358
v -0.015122 0.006477 0.016417
v -0.015252 0.006564 0.016470
v -0.015413 0.006574 0.016503
v -0.015563 0.006505 0.016508
v -0.015661 0.006374 0.016482
v -0.015317 0.005263 0.019284
v -0.015253 0.005121 0.019229
v -0.015122 0.005031 0.019185
v -0.014959 0.005017 0.019164
v -0.014807 0.005083 0.019170
v -0.014708 0.005211 0.019202
v -0.014688 0.005367 0.019252
v -0.014753 0.005510 0.019306
v -0.014884 0.005600 0.019350
v -0.015047 0.005614 0.019372
v -0.015198 0.005548 0.019366
v -0.015297 0.005420 0.019334
v -0.015065 0.004252 0.022319
v -0.015000 0.004110 0.022266
v -0.014869 0.004019 0.022224
v -0.014706 0.004004 0.022205
v -0.014554 0.004069 0.022214
v -0.014455 0.004197 0.022248
v -0.014435 0.004353 0.022298
v -0.014499 0.004495 0.022351
v -0.014631 0.004586 0.022393
v -0.014794 0.004601 0.022412
v -0.014945 0.004536 0.022403
v -0.015044 0.004408 0.022369
v -0.014789 0.003234 0.025367
v -0.014725 0.003093 0.025312
v -0.014594 0.003003 0.025266
v -0.014432 0.002990 0.025242
v -0.014281 0.003057 0.025246
v -0.014182 0.003185 0.025277
v -0.014162 0.003341 0.025327
v -0.014226 0.003483 0.025383
v -0.014357 0.003572 0.025428
v -0.014519 0.003586 0.025452
v -0.014670 0.003519 0.025448
v -0.014769 0.003391 0.025417
v -0.014353 0.002258 0.028259
v -0.014290 0.002118 0.028198
v -0.014161 0.002033 0.028140
v -0.014001 0.002024 0.028103
v -0.013852 0.002095 0.028094
v -0.013754 0.002226 0.028118
v -0.013735 0.002383 0.028167
v -0.013798 0.002522 0.028228
v -0.013927 0.002608 0.028286
v -0.014087 0.002616 0.028324
v -0.014236 0.002546 0.028332
v -0.014333 0.002414 0.028308
v -0.013612 0.001369 0.030832
v -0.013553 0.001234 0.030759
v -0.013431 0.001156 0.030680
v -0.013279 0.001156 0.030616
v -0.013138 0.001235 0.030584
v -0.013045 0.001372 0.030593
v -0.013026 0.001529 0.030640
v -0.013085 0.001664 0.030713
v -0.013207 0.001742 0.030792
v -0.013359 0.001742 0.030856
v -0.013500 0.001663 0.030888
v -0.013593 0.001526 0.030879
v -0.012410 0.000615 0.032919
v -0.012362 0.000486 0.032828
v -0.012261 0.000421 0.032715
v -0.012135 0.000436 0.032610
v -0.012016 0.000528 0.032542
v -0.011938 0.000673 0.032527
v -0.011921 0.000831 0.032572
v -0.011969 0.000960 0.032663
v -0.012069 0.001026 0.032776
v -0.012196 0.001010 0.032881
v -0.012314 0.000918 0.032949
v -0.012393 0.000774 0.032963
v -0.010587 0.000053 0.034321
v -0.010563 -0.000069 0.034213
v -0.010508 -0.000121 0.034066
v -0.010436 -0.000089 0.033921
v -0.010368 0.000018 0.033816
v -0.010320 0.000172 0.033779
v -0.010306 0.000331 0.033821
v -0.010330 0.000453 0.033929
v -0.010386 0.000505 0.034076
v -0.010457 0.000473 0.034221
v -0.010526 0.000366 0.034326
v -0.010574 0.000212 0.034363
v -0.008040 -0.000252 0.034820
v -0.008050 -0.000369 0.034704
v -0.008054 -0.000413 0.034545
v -0.008051 -0.000372 0.034385
v -0.008042 -0.000257 0.034268
v -0.008028 -0.000098 0.034224
v -0.008015 0.000061 0.034265
v -0.008005 0.000178 0.034381
v -0.008001 0.000222 0.034540
v -0.008004 0.000181 0.034700
v -0.008014 0.000066 0.034817
v -0.008027 -0.000093 0.034861
v -0.005806 -0.000362 0.034379
v -0.005856 -0.000477 0.034272
v -0.005920 -0.000517 0.034125
v -0.005980 -0.000472 0.033978
v -0.006020 -0.000353 0.033870
v -0.006029 -0.000193 0.033831
v -0.006006 -0.000034 0.033870
v -0.005956 0.000080 0.033978
v -0.005892 0.000120 0.034125
v -0.005832 0.000075 0.034272
v -0.005792 -0.000044 0.034379
v -0.005783 -0.000204 0.034419
v -0.004004 -0.000430 0.033146
v -0.004089 -0.000543 0.033062
v -0.004202 -0.000581 0.032947
v -0.004311 -0.000534 0.032833
v -0.004388 -0.000414 0.032750
v -0.004412 -0.000253 0.032720
v -0.004377 -0.000095 0.032751
v -0.004291 0.000018 0.032836
v -0.004179 0.000056 0.032950
v -0.004070 0.000009 0.033065
v -0.003993 -0.000111 0.033148
v -0.003969 -0.000272 0.033178
v -0.002603 -0.000462 0.031235
v -0.002709 -0.000575 0.031176
v -0.002849 -0.000612 0.031097
v -0.002986 -0.000564 0.031019
v -0.003084 -0.000444 0.030963
v -0.003116 -0.000283 0.030943
v -0.003073 -0.000125 0.030966
v -0.002968 -0.000012 0.031024
v -0.002828 0.000025 0.031103
v -0.002691 -0.000023 0.031182
v -0.002593 -0.000143 0.031238
v -0.002561 -0.000304 0.031258
v -0.001551 -0.000466 0.028751
v -0.001665 -0.000578 0.028712
v -0.001817 -0.000616 0.028660
v -0.001967 -0.000568 0.028610
v -0.002074 -0.000447 0.028574
v -0.002110 -0.000286 0.028563
v -0.002064 -0.000128 0.028578
v -0.001950 -0.000016 0.028617
v -0.001798 0.000022 0.028669
v -0.001648 -0.000026 0.028719
v -0.001541 -0.000147 0.028755
v -0.001506 -0.000308 0.028766
v -0.000790 -0.000447 0.025780
v -0.000908 -0.000560 0.025755
v -0.001066 -0.000598 0.025722
v -0.001221 -0.000550 0.025691
v -0.001331 -0.000429 0.025669
v -0.001368 -0.000269 0.025663
v -0.001322 -0.000111 0.025674
v -0.001204 0.000002 0.025699
v -0.001046 0.000040 0.025731
v -0.000891 -0.000008 0.025762
v -0.000781 -0.000129 0.025784
v -0.000744 -0.000289 0.025790
v -0.000272 -0.000413 0.022403
v -0.000391 -0.000526 0.022387
v -0.000551 -0.000564 0.022368
v -0.000708 -0.000516 0.022349
v -0.000820 -0.000396 0.022337
v -0.000857 -0.000235 0.022334
v -0.000810 -0.000077 0.022342
v -0.000691 0.000036 0.022357
v -0.000531 0.000074 0.022377
v -0.000374 0.000026 0.022395
v -0.000262 -0.000095 0.022407
v -0.000224 -0.000255 0.022410
v 0.000050 -0.000369 0.018702
v -0.000070 -0.000482 0.018693
v -0.000230 -0.000520 0.018682
v -0.000388 -0.000472 0.018672
v -0.000501 -0.000352 0.018666
v -0.000538 -0.000191 0.018666
v -0.000491 -0.000033 0.018671
v -0.000371 0.000080 0.018680
v -0.000211 0.000118 0.018691
v -0.000053 0.000070 0.018701
v 0.000060 -0.000050 0.018707
v 0.000098 -0.000211 0.018707
v 0.000219 -0.000320 0.014761
v 0.000099 -0.000433 0.014756
v -0.000062 -0.000471 0.014751
v -0.000220 -0.000424 0.014747
v -0.000333 -0.000303 0.014745
v -0.000370 -0.000143 0.014746
v -0.000323 0.000015 0.014749
v -0.000203 0.000128 0.014754
v -0.000042 0.000166 0.014759
v 0.000116 0.000119 0.014763
v 0.000229 -0.000002 0.014765
v 0.000267 -0.000162 0.014764
v 0.000278 -0.000273 0.010662
v 0.000158 -0.000386 0.010660
v -0.000003 -0.000424 0.010659
v -0.000161 -0.000376 0.010659
v -0.000274 -0.000256 0.010659
v -0.000312 -0.000095 0.010661
v -0.000264 0.000063 0.010663
v -0.000144 0.000176 0.010664
v 0.000017 0.000214 0.010666
v 0.000175 0.000166 0.010666
v 0.000288 0.000046 0.010666
v 0.000326 -0.000115 0.010664
v 0.000269 -0.000233 0.006492
v 0.000149 -0.000346 0.006492
v -0.000012 -0.000383 0.006492
v -0.000170 -0.000336 0.006493
v -0.000283 -0.000216 0.006495
v -0.000321 -0.000055 0.006496
v -0.000273 0.000103 0.006497
v -0.000153 0.000216 0.006498
v 0.000008 0.000254 0.006497
v 0.000166 0.000206 0.006496
v 0.000279 0.000086 0.006495
v 0.000317 -0.000074 0.006493
v 0.000235 -0.000205 0.002335
v 0.000115 -0.000318 0.002335
v -0.000045 -0.000356 0.002336
v -0.000203 -0.000308 0.002337
v -0.000317 -0.000188 0.002338
v -0.000354 -0.000027 0.002339
v -0.000307 0.000131 0.002339
v -0.000187 0.000244 0.002339
v -0.000026 0.000282 0.002338
v 0.000132 0.000234 0.002337
v 0.000245 0.000114 0.002336
v 0.000283 -0.000047 0.002335
v 0.000219 -0.000195 -0.001725
v 0.000099 -0.000309 -0.001725
v -0.000062 -0.000346 -0.001725
v -0.000220 -0.000299 -0.001725
v -0.000333 -0.000179 -0.001726
v -0.000371 -0.000018 -0.001726
v -0.000323 0.000140 -0.001726
v -0.000203 0.000253 -0.001726
v -0.000043 0.000291 -0.001725
v 0.000115 0.000244 -0.001725
v 0.000229 0.000123 -0.001725
v 0.000266 -0.000037 -0.001725
vn -0.8943 -0.4470 -0.0210
vn -0.5508 -0.8343 -0.0239
vn -0.0603 -0.9980 -0.0204
vn 0.4459 -0.8950 -0.0114
vn 0.8330 -0.5532 0.0006
vn 0.9979 -0.0636 0.0124
vn 0.8961 0.4434 0.0209
vn 0.5541 0.8321 0.0239
vn 0.0631 0.9978 0.0204
vn -0.4451 0.8954 0.0114
vn -0.8338 0.5521 -0.0006
vn -0.9981 0.0605 -0.0125
vn -0.8946 -0.4463 -0.0204
vn -0.5517 -0.8338 -0.0197
vn -0.0613 -0.9980 -0.0137
vn 0.4453 -0.8954 -0.0041
vn 0.8329 -0.5533 0.0067
vn 0.9979 -0.0632 0.0156
vn 0.8957 0.4441 0.0204
vn 0.5534 0.8327 0.0197
vn 0.0624 0.9980 0.0138
vn -0.4455 0.8953 0.0041
vn -0.8337 0.5522 -0.0067
vn -0.9980 0.0610 -0.0157
vn -0.8951 -0.4457 -0.0157
vn -0.5527 -0.8333 -0.0106
vn -0.0624 -0.9980 -0.0027
vn 0.4446 -0.8957 0.0060
vn 0.8328 -0.5535 0.0130
vn 0.9979 -0.0628 0.0166
vn 0.8955 0.4449 0.0157
vn 0.5527 0.8333 0.0106
vn 0.0617 0.9981 0.0027
vn -0.4458 0.8951 -0.0060
vn -0.8336 0.5521 -0.0130
vn -0.9980 0.0614 -0.0166
vn -0.8954 -0.4452 -0.0041
vn -0.5534 -0.8329 0.0005
vn -0.0632 -0.9980 0.0049
vn 0.4441 -0.8959 0.0081
vn 0.8327 -0.5537 0.0091
vn 0.9980 -0.0626 0.0076
vn 0.8953 0.4453 0.0041
vn 0.5523 0.8337 -0.0005
vn 0.0610 0.9981 -0.0049
vn -0.4463 0.8948 -0.0081
vn -0.8338 0.5520 -0.0090
vn -0.9981 0.0616 -0.0076
vn -0.8956 -0.4446 0.0143
vn -0.5540 -0.8324 0.0143
vn -0.0640 -0.9979 0.0105
vn 0.4436 -0.8962 0.0039
vn 0.8325 -0.5540 -0.0038
vn 0.9980 -0.0626 -0.0104
vn 0.8951 0.4456 -0.0143
vn 0.5516 0.8340 -0.0143
vn 0.0603 0.9981 -0.0105
vn -0.4468 0.8946 -0.0039
vn -0.8339 0.5519 0.0038
vn -0.9980 0.0619 0.0105
vn -0.8952 -0.4438 0.0409
vn -0.5543 -0.8317 0.0322
vn -0.0648 -0.9978 0.0149
vn 0.4426 -0.8967 -0.0064
vn 0.8317 -0.5545 -0.0261
vn 0.9973 -0.0628 -0.0387
vn 0.8942 0.4458 -0.0409
vn 0.5505 0.8342 -0.0321
vn 0.0593 0.9981 -0.0147
vn -0.4472 0.8944 0.0066
vn -0.8336 0.5518 0.0262
vn -0.9973 0.0623 0.0387
vn -0.8932 -0.4427 0.0787
vn -0.5538 -0.8308 0.0561
vn -0.0659 -0.9977 0.0185
vn 0.4406 -0.8974 -0.0241
vn 0.8294 -0.5555 -0.0603
vn 0.9948 -0.0633 -0.0803
vn 0.8916 0.4459 -0.0786
vn 0.5481 0.8345 -0.0557
vn 0.0578 0.9982 -0.0178
vn -0.4471 0.8941 0.0247
vn -0.8318 0.5518 0.0606
vn -0.9948 0.0629 0.0803
vn -0.8875 -0.4411 0.1332
vn -0.5515 -0.8294 0.0895
vn -0.0675 -0.9975 0.0218
vn 0.4359 -0.8985 -0.0519
vn 0.8230 -0.5569 -0.1118
vn 0.9879 -0.0641 -0.1414
vn 0.8850 0.4462 -0.1328
vn 0.5430 0.8351 -0.0883
vn 0.0555 0.9983 -0.0200
vn -0.4454 0.8937 0.0534
vn -0.8265 0.5516 0.1124
vn -0.9879 0.0637 0.1416
vn -0.8726 -0.4386 0.2148
vn -0.5446 -0.8272 0.1386
vn -0.0702 -0.9972 0.0254
vn 0.4251 -0.9001 -0.0951
vn 0.8071 -0.5590 -0.1902
vn 0.9701 -0.0650 -0.2337
vn 0.8688 0.4468 -0.2136
vn 0.5315 0.8362 -0.1354
vn 0.0519 0.9984 -0.0209
vn -0.4394 0.8928 0.0988
vn -0.8122 0.5509 0.1918
vn -0.9701 0.0646 0.2341
vn -0.8329 -0.4350 0.3422
vn -0.5246 -0.8237 0.2155
vn -0.0749 -0.9967 0.0309
vn 0.3983 -0.9026 -0.1631
vn 0.7656 -0.5618 -0.3134
vn 0.9235 -0.0656 -0.3779
vn 0.8270 0.4487 -0.3386
vn 0.5040 0.8386 -0.2066
vn 0.0461 0.9988 -0.0189
vn -0.4207 0.8906 0.1728
vn -0.7734 0.5486 0.3177
vn -0.9230 0.0653 0.3792
vn -0.7227 -0.4317 0.5398
vn -0.4646 -0.8191 0.3365
vn -0.0812 -0.9958 0.0424
vn 0.3296 -0.9058 -0.2662
vn 0.6540 -0.5647 -0.5035
vn 0.7968 -0.0636 -0.6009
vn 0.7152 0.4554 -0.5302
vn 0.4346 0.8449 -0.3119
vn 0.0385 0.9992 -0.0096
vn -0.3624 0.8851 0.2921
vn -0.6643 0.5423 0.5144
vn -0.7946 0.0633 0.6039
vn -0.4534 -0.4390 0.7757
vn -0.3065 -0.8209 0.4818
vn -0.0789 -0.9950 0.0604
vn 0.1743 -0.9067 -0.3841
vn 0.3847 -0.5637 -0.7309
vn 0.4869 -0.0519 -0.8719
vn 0.4462 0.4758 -0.7580
vn 0.2786 0.8595 -0.4285
vn 0.0393 0.9992 0.0111
vn -0.2054 0.8746 0.4392
vn -0.3954 0.5291 0.7508
vn -0.4853 0.0519 0.8728
vn -0.0726 -0.4604 0.8847
vn -0.0943 -0.8338 0.5439
vn -0.0911 -0.9943 0.0553
vn -0.0631 -0.8871 -0.4572
vn -0.0178 -0.5285 -0.8487
vn 0.0325 -0.0155 -0.9994
vn 0.0738 0.5006 -0.8625
vn 0.0945 0.8697 -0.4845
vn 0.0888 0.9959 0.0191
vn 0.0593 0.8587 0.5090
vn 0.0149 0.5045 0.8633
vn -0.0329 0.0257 0.9991
vn 0.2511 -0.5030 0.8270
vn 0.0483 -0.8528 0.5201
vn -0.1707 -0.9828 0.0704
vn -0.3473 -0.8447 -0.4073
vn -0.4279 -0.4642 -0.7755
vn -0.3855 0.0513 -0.9213
vn -0.2331 0.5477 -0.8035
vn -0.0185 0.8851 -0.4650
vn 0.1973 0.9803 -0.0070
vn 0.3588 0.8194 0.4469
vn 0.4276 0.4513 0.7832
vn 0.3884 -0.0290 0.9210
vn 0.4666 -0.5705 0.6759
vn 0.1197 -0.8784 0.4627
vn -0.2638 -0.9566 0.1239
vn -0.5808 -0.7737 -0.2530
vn -0.7384 -0.3719 -0.5626
vn -0.6867 0.1367 -0.7139
vn -0.4414 0.6042 -0.6634
vn -0.0773 0.8996 -0.4299
vn 0.3021 0.9496 -0.0837
vn 0.5979 0.7510 0.2802
vn 0.7382 0.3616 0.5695
vn 0.6906 -0.1188 0.7134
vn 0.5714 -0.6342 0.5208
vn 0.1482 -0.9017 0.4062
vn -0.3186 -0.9302 0.1821
vn -0.7024 -0.7057 -0.0929
vn -0.8947 -0.2856 -0.3434
vn -0.8395 0.2140 -0.4995
vn -0.5525 0.6535 -0.5174
vn -0.1161 0.9119 -0.3936
vn 0.3478 0.9230 -0.1644
vn 0.7157 0.6902 0.1064
vn 0.8950 0.2792 0.3478
vn 0.8426 -0.2031 0.4988
vn 0.6076 -0.6758 0.4173
vn 0.1540 -0.9161 0.3701
vn -0.3430 -0.9123 0.2237
vn -0.7495 -0.6618 0.0164
vn -0.9531 -0.2306 -0.1959
vn -0.8969 0.2638 -0.3549
vn -0.5964 0.6858 -0.4172
vn -0.1352 0.9207 -0.3662
vn 0.3603 0.9073 -0.2168
vn 0.7575 0.6528 -0.0105
vn 0.9536 0.2270 0.1979
vn 0.8989 -0.2580 0.3541
vn 0.6178 -0.6982 0.3618
vn 0.1531 -0.9237 0.3512
vn -0.3536 -0.9023 0.2466
vn -0.7662 -0.6382 0.0755
vn -0.9726 -0.2015 -0.1162
vn -0.9163 0.2897 -0.2766
vn -0.6126 0.7025 -0.3622
vn -0.1444 0.9255 -0.3501
vn 0.3617 0.8998 -0.2441
vn 0.7700 0.6339 -0.0731
vn 0.9728 0.1997 0.1171
vn 0.9172 -0.2872 0.2761
vn 0.6189 -0.7070 0.3422
vn 0.1503 -0.9268 0.3441
vn -0.3586 -0.8983 0.2538
vn -0.7715 -0.6290 0.0954
vn -0.9776 -0.1911 -0.0885
vn -0.9215 0.2981 -0.2487
vn -0.6184 0.7074 -0.3423
vn -0.1495 0.9270 -0.3440
vn 0.3595 0.8980 -0.2535
vn 0.7720 0.6285 -0.0952
vn 0.9776 0.1908 0.0887
vn 0.9216 -0.2980 0.2487
vn 0.6146 -0.7051 0.3537
vn 0.1460 -0.9267 0.3464
vn -0.3611 -0.8994 0.2462
vn -0.7708 -0.6319 0.0804
vn -0.9747 -0.1964 -0.1067
vn -0.9192 0.2911 -0.2653
vn -0.6189 0.7015 -0.3533
vn -0.1529 0.9252 -0.3472
vn 0.3548 0.9014 -0.2481
vn 0.7679 0.6352 -0.0821
vn 0.9745 0.1976 0.1061
vn 0.9183 -0.2934 0.2657
vn 0.6015 -0.6916 0.3999
vn 0.1381 -0.9232 0.3585
vn -0.3605 -0.9062 0.2209
vn -0.7611 -0.6481 0.0251
vn -0.9594 -0.2197 -0.1768
vn -0.9050 0.2662 -0.3320
vn -0.6117 0.6826 -0.3998
vn -0.1550 0.9193 -0.3617
vn 0.3452 0.9107 -0.2267
vn 0.7541 0.6561 -0.0301
vn 0.9590 0.2226 0.1751
vn 0.9030 -0.2716 0.3328
vn 0.5642 -0.6629 0.4923
vn 0.1214 -0.9161 0.3821
vn -0.3505 -0.9211 0.1696
vn -0.7257 -0.6826 -0.0862
vn -0.9095 -0.2677 -0.3180
vn -0.8576 0.2158 -0.4670
vn -0.5826 0.6446 -0.4950
vn -0.1523 0.9068 -0.3930
vn 0.3225 0.9283 -0.1852
vn 0.7131 0.6971 0.0741
vn 0.9093 0.2732 0.3139
vn 0.8544 -0.2265 0.4676
vn 0.4621 -0.6164 0.6376
vn 0.0856 -0.9054 0.4158
vn -0.3081 -0.9476 0.0848
vn -0.6163 -0.7418 -0.2644
vn -0.7643 -0.3479 -0.5430
vn -0.7179 0.1334 -0.6832
vn -0.4883 0.5825 -0.6498
vn -0.1298 0.8848 -0.4475
vn 0.2683 0.9554 -0.1235
vn 0.5988 0.7647 0.2381
vn 0.7648 0.3574 0.5361
vn 0.7140 -0.1522 0.6834
vn 0.2520 -0.5630 0.7871
vn 0.0278 -0.8938 0.4477
vn -0.1994 -0.9799 -0.0046
vn -0.3720 -0.8122 -0.4495
vn -0.4492 -0.4401 -0.7775
vn -0.4134 0.0421 -0.9096
vn -0.2731 0.5151 -0.8125
vn -0.0616 0.8602 -0.5062
vn 0.1695 0.9836 -0.0618
vn 0.3589 0.8393 0.4083
vn 0.4493 0.4532 0.7699
vn 0.4094 -0.0667 0.9099
vn -0.0142 -0.5262 0.8502
vn -0.0331 -0.8841 0.4661
vn -0.0428 -0.9984 -0.0374
vn -0.0413 -0.8512 -0.5233
vn -0.0294 -0.4900 -0.8712
vn -0.0101 -0.0071 -0.9999
vn 0.0118 0.4806 -0.8769
vn 0.0310 0.8504 -0.5253
vn 0.0423 0.9987 -0.0272
vn 0.0421 0.8732 0.4856
vn 0.0299 0.4998 0.8656
vn 0.0091 -0.0167 0.9998
vn -0.2751 -0.5430 0.7934
vn -0.0819 -0.8885 0.4515
vn 0.1292 -0.9916 -0.0040
vn 0.3043 -0.8383 -0.4523
vn 0.4013 -0.4744 -0.7835
vn 0.3975 0.0082 -0.9176
vn 0.2934 0.4903 -0.8207
vn 0.1131 0.8513 -0.5123
vn -0.1004 0.9930 -0.0629
vn -0.2906 0.8631 0.4130
vn -0.4007 0.4837 0.7781
vn -0.3945 -0.0378 0.9181
vn -0.4822 -0.5857 0.6514
vn -0.1211 -0.8939 0.4315
vn 0.2664 -0.9588 0.0991
vn 0.5797 -0.7739 -0.2549
vn 0.7431 -0.3934 -0.5413
vn 0.7183 0.0860 -0.6904
vn 0.5105 0.5457 -0.6646
vn 0.1683 0.8686 -0.4661
vn -0.2241 0.9644 -0.1407
vn -0.5613 0.7957 0.2276
vn -0.7437 0.4004 0.5354
vn -0.7139 -0.1099 0.6916
vn -0.5879 -0.6320 0.5050
vn -0.1503 -0.8998 0.4095
vn 0.3236 -0.9238 0.2044
vn 0.7079 -0.7043 -0.0528
vn 0.9061 -0.3035 -0.2947
vn 0.8704 0.1750 -0.4603
vn 0.6088 0.6101 -0.5071
vn 0.1849 0.8881 -0.4209
vn -0.2928 0.9302 -0.2213
vn -0.6944 0.7185 0.0398
vn -0.9060 0.3075 0.2908
vn -0.8666 -0.1890 0.4618
vn -0.6258 -0.6642 0.4089
vn -0.1654 -0.9050 0.3920
vn 0.3373 -0.9019 0.2699
vn 0.7480 -0.6593 0.0766
vn 0.9602 -0.2439 -0.1363
vn 0.9201 0.2352 -0.3131
vn 0.6377 0.6535 -0.4078
vn 0.1848 0.9000 -0.3948
vn -0.3200 0.9064 -0.2759
vn -0.7402 0.6674 -0.0821
vn -0.9598 0.2462 0.1345
vn -0.9177 -0.2424 0.3146
vn -0.6385 -0.6811 0.3584
vn -0.1728 -0.9079 0.3818
vn 0.3383 -0.8910 0.3028
vn 0.7581 -0.6363 0.1431
vn 0.9756 -0.2128 -0.0544
vn 0.9339 0.2672 -0.2374
vn 0.6439 0.6765 -0.3574
vn 0.1816 0.9060 -0.3823
vn -0.3305 0.8932 -0.3048
vn -0.7545 0.6400 -0.1452
vn -0.9754 0.2138 0.0538
vn -0.9328 -0.2702 0.2383
vn -0.6431 -0.6856 0.3411
vn -0.1773 -0.9086 0.3781
vn 0.3359 -0.8881 0.3138
vn 0.7591 -0.6296 0.1654
vn 0.9789 -0.2026 -0.0272
vn 0.9366 0.2786 -0.2126
vn 0.6435 0.6853 -0.3410
vn 0.1780 0.9085 -0.3782
vn -0.3354 0.8882 -0.3140
vn -0.7588 0.6299 -0.1656
vn -0.9789 0.2027 0.0271
vn -0.9365 -0.2788 0.2126
vn -0.6442 -0.6788 0.3525
vn -0.1811 -0.9068 0.3808
vn 0.3314 -0.8921 0.3070
vn 0.7556 -0.6375 0.1506
vn 0.9764 -0.2108 -0.0465
vn 0.9339 0.2728 -0.2311
vn 0.6396 0.6826 -0.3534
vn 0.1736 0.9084 -0.3804
vn -0.3381 0.8902 -0.3054
vn -0.7586 0.6344 -0.1489
vn -0.9766 0.2100 0.0470
vn -0.9349 -0.2701 0.2304
vn -0.6396 -0.6580 0.3973
vn -0.1846 -0.9015 0.3914
vn 0.3219 -0.9042 0.2807
vn 0.7433 -0.6624 0.0937
vn 0.9635 -0.2399 -0.1191
vn 0.9213 0.2480 -0.2996
vn 0.6286 0.6679 -0.3984
vn 0.1667 0.9060 -0.3892
vn -0.3379 0.9000 -0.2754
vn -0.7504 0.6550 -0.0888
vn -0.9638 0.2379 0.1206
vn -0.9235 -0.2414 0.2981
vn -0.6153 -0.6169 0.4907
vn -0.1861 -0.8905 0.4153
vn 0.2971 -0.9272 0.2281
vn 0.7028 -0.7110 -0.0222
vn 0.9164 -0.2980 -0.2672
vn 0.8766 0.1977 -0.4388
vn 0.5951 0.6377 -0.4892
vn 0.1528 0.9013 -0.4053
vn -0.3267 0.9208 -0.2128
vn -0.7158 0.6975 0.0343
vn -0.9165 0.2943 0.2710
vn -0.8802 -0.1843 0.4373
vn -0.5253 -0.5525 0.6471
vn -0.1728 -0.8712 0.4595
vn 0.2313 -0.9617 0.1468
vn 0.5783 -0.7883 -0.2102
vn 0.7657 -0.3904 -0.5111
vn 0.7349 0.1194 -0.6676
vn 0.4964 0.5922 -0.6348
vn 0.1245 0.8958 -0.4266
vn -0.2745 0.9556 -0.1068
vn -0.5970 0.7666 0.2367
vn -0.7650 0.3838 0.5173
vn -0.7393 -0.0954 0.6666
vn -0.3099 -0.4926 0.8132
vn -0.1200 -0.8510 0.5112
vn 0.1047 -0.9921 0.0686
vn 0.3060 -0.8620 -0.4041
vn 0.4231 -0.4798 -0.7686
vn 0.4166 0.0440 -0.9080
vn 0.2903 0.5473 -0.7850
vn 0.0863 0.8894 -0.4488
vn -0.1368 0.9906 0.0002
vn -0.3219 0.8359 0.4446
vn -0.4245 0.4701 0.7739
vn -0.4200 -0.0128 0.9075
vn 0.0169 -0.4787 0.8778
vn 0.0297 -0.8468 0.5311
vn 0.0342 -0.9986 0.0412
vn 0.0286 -0.8835 -0.4675
vn 0.0157 -0.5211 -0.8533
vn 0.0001 -0.0080 -1.0000
vn -0.0156 0.5073 -0.8616
vn -0.0285 0.8759 -0.4817
vn -0.0342 0.9991 0.0252
vn -0.0297 0.8551 0.5177
vn -0.0169 0.4923 0.8702
vn -0.0000 0.0077 1.0000
vn 0.4293 -0.4565 0.7793
vn 0.3276 -0.8275 0.4560
vn 0.1418 -0.9898 0.0149
vn -0.0831 -0.8968 -0.4346
vn -0.2899 -0.5611 -0.7753
vn -0.4193 -0.0603 -0.9059
vn -0.4280 0.4660 -0.7744
vn -0.3115 0.8545 -0.4157
vn -0.1091 0.9925 0.0548
vn 0.1178 0.8588 0.4986
vn 0.3103 0.5057 0.8050
vn 0.4229 0.0280 0.9057
vn 0.7743 -0.3693 0.5138
vn 0.6075 -0.7571 0.2401
vn 0.2838 -0.9539 -0.0973
vn -0.1189 -0.9027 -0.4136
vn -0.4963 -0.6059 -0.6218
vn -0.7404 -0.1360 -0.6582
vn -0.7752 0.3758 -0.5077
vn -0.5886 0.7797 -0.2136
vn -0.2394 0.9611 0.1376
vn 0.1691 0.8784 0.4471
vn 0.5266 0.5656 0.6347
vn 0.7453 0.1111 0.6574
vn 0.9249 -0.2788 0.2586
vn 0.7261 -0.6869 0.0296
vn 0.3364 -0.9183 -0.2086
vn -0.1464 -0.9077 -0.3934
vn -0.5938 -0.6512 -0.4726
vn -0.8808 -0.2147 -0.4220
vn -0.9249 0.2823 -0.2549
vn -0.7130 0.7009 -0.0177
vn -0.3061 0.9254 0.2236
vn 0.1807 0.8971 0.4031
vn 0.6149 0.6303 0.4740
vn 0.8847 0.2008 0.4206
vn 0.9695 -0.2219 0.1037
vn 0.7588 -0.6440 -0.0977
vn 0.3466 -0.8972 -0.2738
vn -0.1600 -0.9120 -0.3776
vn -0.6256 -0.6813 -0.3800
vn -0.9229 -0.2651 -0.2791
vn -0.9693 0.2238 -0.1022
vn -0.7515 0.6517 0.1025
vn -0.3303 0.9017 0.2789
vn 0.1783 0.9078 0.3796
vn 0.6370 0.6714 0.3787
vn 0.9253 0.2583 0.2776
vn 0.9807 -0.1936 0.0277
vn 0.7656 -0.6231 -0.1599
vn 0.3461 -0.8872 -0.3051
vn -0.1667 -0.9144 -0.3689
vn -0.6356 -0.6961 -0.3338
vn -0.9340 -0.2901 -0.2086
vn -0.9805 0.1945 -0.0271
vn -0.7625 0.6265 0.1616
vn -0.3393 0.8893 0.3067
vn 0.1744 0.9129 0.3692
vn 0.6405 0.6921 0.3328
vn 0.9350 0.2873 0.2078
vn 0.9826 -0.1858 0.0059
vn 0.7655 -0.6182 -0.1781
vn 0.3433 -0.8850 -0.3144
vn -0.1709 -0.9146 -0.3664
vn -0.6393 -0.6991 -0.3202
vn -0.9363 -0.2963 -0.1883
vn -0.9826 0.1857 -0.0059
vn -0.7657 0.6181 0.1780
vn -0.3436 0.8850 0.3143
vn 0.1706 0.9147 0.3664
vn 0.6391 0.6993 0.3202
vn 0.9363 0.2964 0.1883
vn 0.9802 -0.1959 0.0306
vn 0.7621 -0.6276 -0.1590
vn 0.3389 -0.8899 -0.3055
vn -0.1747 -0.9125 -0.3698
vn -0.6404 -0.6911 -0.3350
vn -0.9347 -0.2859 -0.2111
vn -0.9803 0.1949 -0.0312
vn -0.7654 0.6241 0.1571
vn -0.3463 0.8876 0.3038
vn 0.1663 0.9142 0.3695
vn 0.6352 0.6954 0.3361
vn 0.9336 0.2889 0.2120
vn 0.9677 -0.2268 0.1097
vn 0.7502 -0.6541 -0.0967
vn 0.3294 -0.9028 -0.2764
vn -0.1785 -0.9072 -0.3810
vn -0.6363 -0.6693 -0.3836
vn -0.9239 -0.2554 -0.2848
vn -0.9681 0.2247 -0.1113
vn -0.7577 0.6461 0.0916
vn -0.3464 0.8981 0.2710
vn 0.1593 0.9117 0.3788
vn 0.6244 0.6797 0.3848
vn 0.9215 0.2625 0.2863
vn 0.9201 -0.2869 0.2668
vn 0.7090 -0.7047 0.0268
vn 0.3039 -0.9270 -0.2198
vn -0.1804 -0.8961 -0.4055
vn -0.6120 -0.6270 -0.4820
vn -0.8802 -0.1963 -0.4320
vn -0.9201 0.2832 -0.2707
vn -0.7224 0.6903 -0.0392
vn -0.3349 0.9199 0.2040
vn 0.1453 0.9071 0.3951
vn 0.5905 0.6486 0.4802
vn 0.8762 0.2105 0.4335
vn 0.7639 -0.3809 0.5210
vn 0.5797 -0.7836 0.2234
vn 0.2353 -0.9627 -0.1338
vn -0.1671 -0.8772 -0.4501
vn -0.5193 -0.5622 -0.6436
vn -0.7346 -0.1064 -0.6701
vn -0.7631 0.3742 -0.5269
vn -0.5986 0.7610 -0.2503
vn -0.2794 0.9557 0.0925
vn 0.1173 0.9020 0.4155
vn 0.4891 0.6030 0.6302
vn 0.7298 0.1314 0.6709
vn 0.4149 -0.4673 0.7807
vn 0.3024 -0.8543 0.4227
vn 0.1063 -0.9931 -0.0490
vn -0.1143 -0.8599 -0.4975
vn -0.3012 -0.5052 -0.8087
vn -0.4099 -0.0259 -0.9118
vn -0.4154 0.4582 -0.7858
vn -0.3167 0.8280 -0.4626
vn -0.1371 0.9904 -0.0200
vn 0.0807 0.8974 0.4339
vn 0.2812 0.5599 0.7794
vn 0.4065 0.0576 0.9118
vn -0.0354 -0.4834 0.8747
vn -0.0476 -0.8641 0.5011
vn -0.0462 -0.9989 -0.0102
vn -0.0321 -0.8590 -0.5110
vn -0.0099 -0.4952 -0.8687
vn 0.0145 -0.0105 -0.9998
vn 0.0351 0.4735 -0.8801
vn 0.0470 0.8405 -0.5397
vn 0.0470 0.9972 -0.0575
vn 0.0347 0.8933 0.4482
vn 0.0128 0.5430 0.8396
vn -0.0130 0.0361 0.9993
vn -0.4810 -0.4310 0.7635
vn -0.3859 -0.8263 0.4102
vn -0.1840 -0.9815 -0.0520
vn 0.0627 -0.8692 -0.4904
vn 0.2891 -0.5335 -0.7948
vn 0.4404 -0.0656 -0.8954
vn 0.4808 0.4174 -0.7711
vn 0.4006 0.7963 -0.4532
vn 0.2183 0.9757 -0.0183
vn -0.0235 0.9037 0.4276
vn -0.2643 0.5848 0.7669
vn -0.4354 0.0931 0.8954
vn -0.8043 -0.3248 0.4976
vn -0.6342 -0.7425 0.2157
vn -0.2893 -0.9492 -0.1240
vn 0.1285 -0.8955 -0.4262
vn 0.5064 -0.6070 -0.6125
vn 0.7505 -0.1658 -0.6397
vn 0.8035 0.3155 -0.5049
vn 0.6527 0.7180 -0.2417
vn 0.3327 0.9391 0.0860
vn -0.0797 0.9151 0.3952
vn -0.4770 0.6418 0.6005
vn -0.7460 0.1860 0.6395
vn -0.9365 -0.2370 0.2585
vn -0.7405 -0.6710 0.0375
vn -0.3424 -0.9195 -0.1931
vn 0.1453 -0.9174 -0.3704
vn 0.5902 -0.6714 -0.4481
vn 0.8776 -0.2517 -0.4081
vn 0.9367 0.2318 -0.2625
vn 0.7531 0.6561 -0.0486
vn 0.3710 0.9111 0.1795
vn -0.1134 0.9255 0.3614
vn -0.5709 0.6892 0.4462
vn -0.8741 0.2627 0.4086
vn -0.9753 -0.1872 0.1171
vn -0.7733 -0.6301 -0.0697
vn -0.3622 -0.9014 -0.2372
vn 0.1449 -0.9291 -0.3404
vn 0.6112 -0.7087 -0.3524
vn 0.9141 -0.3015 -0.2712
vn 0.9757 0.1844 -0.1186
vn 0.7801 0.6222 0.0654
vn 0.3773 0.8964 0.2326
vn -0.1281 0.9323 0.3383
vn -0.6009 0.7171 0.3531
vn -0.9120 0.3069 0.2721
vn -0.9853 -0.1635 0.0492
vn -0.7830 -0.6101 -0.1213
vn -0.3701 -0.8922 -0.2590
vn 0.1416 -0.9344 -0.3270
vn 0.6145 -0.7265 -0.3075
vn 0.9229 -0.3252 -0.2060
vn 0.9855 0.1624 -0.0497
vn 0.7857 0.6069 0.1198
vn 0.3760 0.8901 0.2576
vn -0.1349 0.9355 0.3266
vn -0.6104 0.7297 0.3080
vn -0.9221 0.3273 0.2065
vn -0.9870 -0.1573 0.0331
vn -0.7858 -0.6040 -0.1333
vn -0.3741 -0.8890 -0.2641
vn 0.1380 -0.9359 -0.3241
vn 0.6132 -0.7319 -0.2973
vn 0.9239 -0.3316 -0.1907
vn 0.9870 0.1576 -0.0330
vn 0.7853 0.6045 0.1336
vn 0.3731 0.8894 0.2643
vn -0.1390 0.9357 0.3242
vn -0.6138 0.7314 0.2972
vn -0.9241 0.3313 0.1906
vn -0.9841 -0.1664 0.0626
vn -0.7851 -0.6095 -0.1101
vn -0.3767 -0.8909 -0.2538
vn 0.1334 -0.9346 -0.3298
vn 0.6087 -0.7271 -0.3174
vn 0.9205 -0.3233 -0.2193
vn 0.9838 0.1680 -0.0619
vn 0.7814 0.6139 0.1122
vn 0.3686 0.8937 0.2558
vn -0.1424 0.9330 0.3304
vn -0.6142 0.7229 0.3167
vn -0.9216 0.3206 0.2187
vn -0.9702 -0.1934 0.1458
vn -0.7766 -0.6284 -0.0450
vn -0.3769 -0.8986 -0.2246
vn 0.1255 -0.9302 -0.3449
vn 0.5963 -0.7110 -0.3726
vn 0.9065 -0.2980 -0.2990
vn 0.9698 0.1968 -0.1439
vn 0.7687 0.6377 0.0503
vn 0.3594 0.9043 0.2304
vn -0.1449 0.9263 0.3479
vn -0.6081 0.7012 0.3722
vn -0.9088 0.2919 0.2981
vn -0.9202 -0.2465 0.3040
vn -0.7412 -0.6666 0.0797
vn -0.3670 -0.9151 -0.1671
vn 0.1084 -0.9222 -0.3713
vn 0.5586 -0.6792 -0.4760
vn 0.8578 -0.2482 -0.4501
vn 0.9200 0.2525 -0.2997
vn 0.7275 0.6828 -0.0668
vn 0.3363 0.9237 0.1835
vn -0.1426 0.9128 0.3827
vn -0.5792 0.6596 0.4789
vn -0.8614 0.2364 0.4495
vn -0.7673 -0.3334 0.5478
vn -0.6252 -0.7312 0.2729
vn -0.3212 -0.9441 -0.0746
vn 0.0717 -0.9107 -0.4068
vn 0.4516 -0.6291 -0.6327
vn 0.7101 -0.1681 -0.6837
vn 0.7678 0.3434 -0.5409
vn 0.6070 0.7559 -0.2453
vn 0.2790 0.9533 0.1157
vn -0.1190 0.8897 0.4407
vn -0.4801 0.5935 0.6459
vn -0.7147 0.1480 0.6836
vn -0.4410 -0.4300 0.7878
vn -0.3709 -0.8058 0.4616
vn -0.2057 -0.9785 0.0154
vn 0.0156 -0.8976 -0.4406
vn 0.2369 -0.5717 -0.7855
vn 0.3953 -0.0782 -0.9152
vn 0.4405 0.4431 -0.7808
vn 0.3580 0.8336 -0.4206
vn 0.1763 0.9830 0.0518
vn -0.0490 0.8644 0.5004
vn -0.2580 0.5237 0.8119
vn -0.3999 0.0531 0.9150
vn -0.0396 -0.4821 0.8752
vn -0.0709 -0.8463 0.5280
vn -0.0840 -0.9957 0.0400
vn -0.0747 -0.8815 -0.4663
vn -0.0449 -0.5228 -0.8513
vn -0.0030 -0.0136 -0.9999
vn 0.0399 0.5006 -0.8648
vn 0.0718 0.8710 -0.4860
vn 0.0838 0.9962 0.0234
vn 0.0726 0.8516 0.5192
vn 0.0423 0.4869 0.8724
vn 0.0015 0.0019 1.0000
vn 0.3161 -0.5013 0.8055
vn 0.1651 -0.8597 0.4833
vn -0.0303 -0.9990 0.0321
vn -0.2208 -0.8728 -0.4352
vn -0.3535 -0.5020 -0.7894
vn -0.3870 0.0159 -0.9220
vn -0.3095 0.5287 -0.7904
vn -0.1454 0.8873 -0.4376
vn 0.0559 0.9980 0.0295
vn 0.2393 0.8427 0.4822
vn 0.3588 0.4714 0.8056
vn 0.3863 -0.0175 0.9222
vn 0.5885 -0.5135 0.6245
vn 0.3304 -0.8685 0.3695
vn -0.0167 -0.9997 0.0152
vn -0.3642 -0.8640 -0.3475
vn -0.6159 -0.4881 -0.6184
vn -0.6962 0.0280 -0.7173
vn -0.5794 0.5363 -0.6138
vn -0.3013 0.8911 -0.3393
vn 0.0554 0.9982 0.0249
vn 0.3924 0.8384 0.3782
vn 0.6240 0.4627 0.6297
vn 0.6948 -0.0292 0.7186
vn 0.7406 -0.5203 0.4252
vn 0.4191 -0.8741 0.2456
vn -0.0157 -0.9999 -0.0002
vn -0.4504 -0.8577 -0.2479
vn -0.7652 -0.4797 -0.4293
vn -0.8696 0.0325 -0.4926
vn -0.7327 0.5358 -0.4196
vn -0.3942 0.8895 -0.2311
vn 0.0488 0.9986 0.0191
vn 0.4748 0.8401 0.2624
vn 0.7727 0.4624 0.4349
vn 0.8689 -0.0333 0.4939
vn 0.8077 -0.5234 0.2715
vn 0.4557 -0.8771 0.1518
vn -0.0192 -0.9998 -0.0089
vn -0.4917 -0.8544 -0.1679
vn -0.8329 -0.4763 -0.2819
vn -0.9471 0.0332 -0.3192
vn -0.8018 0.5336 -0.2690
vn -0.4380 0.8871 -0.1456
vn 0.0426 0.9990 0.0168
vn 0.5090 0.8430 0.1739
vn 0.8384 0.4651 0.2842
vn 0.9469 -0.0336 0.3197
vn 0.8349 -0.5246 0.1663
vn 0.4693 -0.8786 0.0887
vn -0.0226 -0.9997 -0.0127
vn -0.5102 -0.8528 -0.1111
vn -0.8615 -0.4749 -0.1797
vn -0.9793 0.0327 -0.1996
vn -0.8308 0.5314 -0.1652
vn -0.4573 0.8851 -0.0861
vn 0.0384 0.9991 0.0160
vn 0.5219 0.8454 0.1135
vn 0.8653 0.4677 0.1806
vn 0.9793 -0.0328 0.1998
vn 0.8456 -0.5251 0.0958
vn 0.4739 -0.8793 0.0472
vn -0.0251 -0.9996 -0.0140
vn -0.5186 -0.8520 -0.0717
vn -0.8734 -0.4744 -0.1101
vn -0.9924 0.0320 -0.1188
vn -0.8428 0.5297 -0.0954
vn -0.4658 0.8837 -0.0462
vn 0.0358 0.9992 0.0153
vn 0.5265 0.8471 0.0726
vn 0.8759 0.4696 0.1104
vn 0.9924 -0.0320 0.1189
vn 0.8495 -0.5253 0.0488
vn 0.4751 -0.8797 0.0201
vn -0.0269 -0.9995 -0.0139
vn -0.5225 -0.8515 -0.0443
vn -0.8782 -0.4741 -0.0627
vn -0.9974 0.0314 -0.0643
vn -0.8476 0.5284 -0.0486
vn -0.4695 0.8827 -0.0197
vn 0.0341 0.9993 0.0144
vn 0.5277 0.8482 0.0446
vn 0.8799 0.4710 0.0628
vn 0.9974 -0.0313 0.0644
vn 0.8507 -0.5254 0.0181
vn 0.4750 -0.8800 0.0031
vn -0.0282 -0.9995 -0.0128
vn -0.5244 -0.8511 -0.0252
vn -0.8801 -0.4739 -0.0308
vn -0.9991 0.0310 -0.0282
vn -0.8493 0.5276 -0.0180
vn -0.4713 0.8820 -0.0029
vn 0.0329 0.9994 0.0129
vn 0.5277 0.8491 0.0253
vn 0.8810 0.4720 0.0309
vn 0.9991 -0.0308 0.0282
vn 0.8508 -0.5256 -0.0004
vn 0.4744 -0.8803 -0.0064
vn -0.0292 -0.9995 -0.0108
vn -0.5253 -0.8508 -0.0123
vn -0.8807 -0.4736 -0.0104
vn -0.9995 0.0308 -0.0058
vn -0.8499 0.5270 0.0004
vn -0.4722 0.8815 0.0065
vn 0.0319 0.9994 0.0108
vn 0.5271 0.8497 0.0123
vn 0.8811 0.4728 0.0104
vn 0.9995 -0.0305 0.0058
vn 0.8506 -0.5258 -0.0087
vn 0.4738 -0.8806 -0.0096
vn -0.0301 -0.9995 -0.0080
vn -0.5260 -0.8505 -0.0043
vn -0.8809 -0.4733 0.0006
vn -0.9995 0.0308 0.0054
vn -0.8501 0.5266 0.0087
vn -0.4728 0.8811 0.0096
vn 0.0311 0.9995 0.0080
vn 0.5265 0.8502 0.0043
vn 0.8809 0.4733 -0.0006
vn 0.9995 -0.0303 -0.0054
vn 0.8504 -0.5261 -0.0076
vn 0.4732 -0.8809 -0.0068
vn -0.0309 -0.9995 -0.0043
vn -0.5266 -0.8501 -0.0006
vn -0.8811 -0.4729 0.0033
vn -0.9995 0.0309 0.0063
vn -0.8503 0.5263 0.0076
vn -0.4734 0.8808 0.0068
vn 0.0302 0.9995 0.0043
vn 0.5258 0.8506 0.0006
vn 0.8807 0.4737 -0.0033
vn 0.9995 -0.0302 -0.0063
vn 0.8503 -0.5263 -0.0047
vn 0.4728 -0.8812 -0.0040
vn -0.0315 -0.9995 -0.0022
vn -0.5271 -0.8498 0.0002
vn -0.8813 -0.4726 0.0025
vn -0.9995 0.0310 0.0042
vn -0.8504 0.5261 0.0047
vn -0.4738 0.8806 0.0040
vn 0.0296 0.9996 0.0022
vn 0.5254 0.8509 -0.0002
vn 0.8805 0.4741 -0.0025
vn 0.9995 -0.0301 -0.0042
vt 0.000000 1.000000
vt 0.013889 1.000000
vt 0.013889 0.916667
vt 0.000000 0.916667
vt 0.000000 0.083333
vt 0.013889 0.083333
vt 0.013889 0.000000
vt 0.000000 0.000000
vt 0.000000 0.166667
vt 0.013889 0.166667
vt 0.000000 0.250000
vt 0.013889 0.250000
vt 0.000000 0.333333
vt 0.013889 0.333333
vt 0.000000 0.416667
vt 0.013889 0.416667
vt 0.000000 0.500000
vt 0.013889 0.500000
vt 0.000000 0.583333
vt 0.013889 0.583333
vt 0.000000 0.666667
vt 0.013889 0.666667
vt 0.000000 0.750000
vt 0.013889 0.750000
vt 0.000000 0.833333
vt 0.013889 0.833333
vt 0.027778 1.000000
vt 0.027778 0.916667
vt 0.027778 0.083333
vt 0.027778 0.000000
vt 0.027778 0.166667
vt 0.027778 0.250000
vt 0.027778 0.333333
vt 0.027778 0.416667
vt 0.027778 0.500000
vt 0.027778 0.583333
vt 0.027778 0.666667
vt 0.027778 0.750000
vt 0.027778 0.833333
vt 0.041667 1.000000
vt 0.041667 0.916667
vt 0.041667 0.083333
vt 0.041667 0.000000
vt 0.041667 0.166667
vt 0.041667 0.250000
vt 0.041667 0.333333
vt 0.041667 0.416667
vt 0.041667 0.500000
vt 0.041667 0.583333
vt 0.041667 0.666667
vt 0.041667 0.750000
vt 0.041667 0.833333
vt 0.055556 1.000000
vt 0.055556 0.916667
vt 0.055556 0.083333
vt 0.055556 0.000000
vt 0.055556 0.166667
vt 0.055556 0.250000
vt 0.055556 0.333333
vt 0.055556 0.416667
vt 0.055556 0.500000
vt 0.055556 0.583333
vt 0.055556 0.666667
vt 0.055556 0.750000
vt 0.055556 0.833333
vt 0.069444 1.000000
vt 0.069444 0.916667
vt 0.069444 0.083333
vt 0.069444 0.000000
vt 0.069444 0.166667
vt 0.069444 0.250000
vt 0.069444 0.333333
vt 0.069444 0.416667
vt 0.069444 0.500000
vt 0.069444 0.583333
vt 0.069444 0.666667
vt 0.069444 0.750000
vt 0.069444 0.833333
vt 0.083333 1.000000
vt 0.083333 0.916667
vt 0.083333 0.083333
vt 0.083333 0.000000
vt 0.083333 0.166667
vt 0.083333 0.250000
vt 0.083333 0.333333
vt 0.083333 0.416667
vt 0.083333 0.500000
vt 0.083333 0.583333
vt 0.083333 0.666667
vt 0.083333 0.750000
vt 0.083333 0.833333
vt 0.097222 1.000000
vt 0.097222 0.916667
vt 0.097222 0.083333
vt 0.097222 0.000000
vt 0.097222 0.166667
vt 0.097222 0.250000
vt 0.097222 0.333333
vt 0.097222 0.416667
vt 0.097222 0.500000
vt 0.097222 0.583333
vt 0.097222 0.666667
vt 0.097222 0.750000
vt 0.097222 0.833333
vt 0.111111 1.000000
vt 0.111111 0.916667
vt 0.111111 0.083333
vt 0.111111 0.000000
vt 0.111111 0.166667
vt 0.111111 0.250000
vt 0.111111 0.333333
vt 0.111111 0.416667
vt 0.111111 0.500000
vt 0.111111 0.583333
vt 0.111111 0.666667
vt 0.111111 0.750000
vt 0.111111 0.833333
vt 0.125000 1.000000
vt 0.125000 0.916667
vt 0.125000 0.083333
vt 0.125000 0.000000
vt 0.125000 0.166667
vt 0.125000 0.250000
vt 0.125000 0.333333
vt 0.125000 0.416667
vt 0.125000 0.500000
vt 0.125000 0.583333
vt 0.125000 0.666667
vt 0.125000 0.750000
vt 0.125000 0.833333
vt 0.138889 1.000000
vt 0.138889 0.916667
vt 0.138889 0.083333
vt 0.138889 0.000000
vt 0.138889 0.166667
vt 0.138889 0.250000
vt 0.138889 0.333333
vt 0.138889 0.416667
vt 0.138889 0.500000
vt 0.138889 0.583333
vt 0.138889 0.666667
vt 0.138889 0.750000
vt 0.138889 0.833333
vt 0.152778 1.000000
vt 0.152778 0.916667
vt 0.152778 0.083333
vt 0.152778 0.000000
vt 0.152778 0.166667
vt 0.152778 0.250000
vt 0.152778 0.333333
vt 0.152778 0.416667
vt 0.152778 0.500000
vt 0.152778 0.583333
vt 0.152778 0.666667
vt 0.152778 0.750000
vt 0.152778 0.833333
vt 0.166667 1.000000
vt 0.166667 0.916667
vt 0.166667 0.083333
vt 0.166667 0.000000
vt 0.166667 0.166667
vt 0.166667 0.250000
vt 0.166667 0.333333
vt 0.166667 0.416667
vt 0.166667 0.500000
vt 0.166667 0.583333
vt 0.166667 0.666667
vt 0.166667 0.750000
vt 0.166667 0.833333
vt 0.180556 1.000000
vt 0.180556 0.916667
vt 0.180556 0.083333
vt 0.180556 0.000000
vt 0.180556 0.166667
vt 0.180556 0.250000
vt 0.180556 0.333333
vt 0.180556 0.416667
vt 0.180556 0.500000
vt 0.180556 0.583333
vt 0.180556 0.666667
vt 0.180556 0.750000
vt 0.180556 0.833333
vt 0.194444 1.000000
vt 0.194444 0.916667
vt 0.194444 0.083333
vt 0.194444 0.000000
vt 0.194444 0.166667
vt 0.194444 0.250000
vt 0.194444 0.333333
vt 0.194444 0.416667
vt 0.194444 0.500000
vt 0.194444 0.583333
vt 0.194444 0.666667
vt 0.194444 0.750000
vt 0.194444 0.833333
vt 0.208333 1.000000
vt 0.208333 0.916667
vt 0.208333 0.083333
vt 0.208333 0.000000
vt 0.208333 0.166667
vt 0.208333 0.250000
vt 0.208333 0.333333
vt 0.208333 0.416667
vt 0.208333 0.500000
vt 0.208333 0.583333
vt 0.208333 0.666667
vt 0.208333 0.750000
vt 0.208333 0.833333
vt 0.222222 1.000000
vt 0.222222 0.916667
vt 0.222222 0.083333
vt 0.222222 0.000000
vt 0.222222 0.166667
vt 0.222222 0.250000
vt 0.222222 0.333333
vt 0.222222 0.416667
vt 0.222222 0.500000
vt 0.222222 0.583333
vt 0.222222 0.666667
vt 0.222222 0.750000
vt 0.222222 0.833333
vt 0.236111 1.000000
vt 0.236111 0.916667
vt 0.236111 0.083333
vt 0.236111 0.000000
vt 0.236111 0.166667
vt 0.236111 0.250000
vt 0.236111 0.333333
vt 0.236111 0.416667
vt 0.236111 0.500000
vt 0.236111 0.583333
vt 0.236111 0.666667
vt 0.236111 0.750000
vt 0.236111 0.833333
vt 0.250000 1.000000
vt 0.250000 0.916667
vt 0.250000 0.083333
vt 0.250000 0.000000
vt 0.250000 0.166667
vt 0.250000 0.250000
vt 0.250000 0.333333
vt 0.250000 0.416667
vt 0.250000 0.500000
vt 0.250000 0.583333
vt 0.250000 0.666667
vt 0.250000 0.750000
vt 0.250000 0.833333
vt 0.263889 1.000000
vt 0.263889 0.916667
vt 0.263889 0.083333
vt 0.263889 0.000000
vt 0.263889 0.166667
vt 0.263889 0.250000
vt 0.263889 0.333333
vt 0.263889 0.416667
vt 0.263889 0.500000
vt 0.263889 0.583333
vt 0.263889 0.666667
vt 0.263889 0.750000
vt 0.263889 0.833333
vt 0.277778 1.000000
vt 0.277778 0.916667
vt 0.277778 0.083333
vt 0.277778 0.000000
vt 0.277778 0.166667
vt 0.277778 0.250000
vt 0.277778 0.333333
vt 0.277778 0.416667
vt 0.277778 0.500000
vt 0.277778 0.583333
vt 0.277778 0.666667
vt 0.277778 0.750000
vt 0.277778 0.833333
vt 0.291667 1.000000
vt 0.291667 0.916667
vt 0.291667 0.083333
vt 0.291667 0.000000
vt 0.291667 0.166667
vt 0.291667 0.250000
vt 0.291667 0.333333
vt 0.291667 0.416667
vt 0.291667 0.500000
vt 0.291667 0.583333
vt 0.291667 0.666667
vt 0.291667 0.750000
vt 0.291667 0.833333
vt 0.305556 1.000000
vt 0.305556 0.916667
vt 0.305556 0.083333
vt 0.305556 0.000000
vt 0.305556 0.166667
vt 0.305556 0.250000
vt 0.305556 0.333333
vt 0.305556 0.416667
vt 0.305556 0.500000
vt 0.305556 0.583333
vt 0.305556 0.666667
vt 0.305556 0.750000
vt 0.305556 0.833333
vt 0.319444 1.000000
vt 0.319444 0.916667
vt 0.319444 0.083333
vt 0.319444 0.000000
vt 0.319444 0.166667
vt 0.319444 0.250000
vt 0.319444 0.333333
vt 0.319444 0.416667
vt 0.319444 0.500000
vt 0.319444 0.583333
vt 0.319444 0.666667
vt 0.319444 0.750000
vt 0.319444 0.833333
vt 0.333333 1.000000
vt 0.333333 0.916667
vt 0.333333 0.083333
vt 0.333333 0.000000
vt 0.333333 0.166667
vt 0.333333 0.250000
vt 0.333333 0.333333
vt 0.333333 0.416667
vt 0.333333 0.500000
vt 0.333333 0.583333
vt 0.333333 0.666667
vt 0.333333 0.750000
vt 0.333333 0.833333
vt 0.347222 1.000000
vt 0.347222 0.916667
vt 0.347222 0.083333
vt 0.347222 0.000000
vt 0.347222 0.166667
vt 0.347222 0.250000
vt 0.347222 0.333333
vt 0.347222 0.416667
vt 0.347222 0.500000
vt 0.347222 0.583333
vt 0.347222 0.666667
vt 0.347222 0.750000
vt 0.347222 0.833333
vt 0.361111 1.000000
vt 0.361111 0.916667
vt 0.361111 0.083333
vt 0.361111 0.000000
vt 0.361111 0.166667
vt 0.361111 0.250000
vt 0.361111 0.333333
vt 0.361111 0.416667
vt 0.361111 0.500000
vt 0.361111 0.583333
vt 0.361111 0.666667
vt 0.361111 0.750000
vt 0.361111 0.833333
vt 0.375000 1.000000
vt 0.375000 0.916667
vt 0.375000 0.083333
vt 0.375000 0.000000
vt 0.375000 0.166667
vt 0.375000 0.250000
vt 0.375000 0.333333
vt 0.375000 0.416667
vt 0.375000 0.500000
vt 0.375000 0.583333
vt 0.375000 0.666667
vt 0.375000 0.750000
vt 0.375000 0.833333
vt 0.388889 1.000000
vt 0.388889 0.916667
vt 0.388889 0.083333
vt 0.388889 0.000000
vt 0.388889 0.166667
vt 0.388889 0.250000
vt 0.388889 0.333333
vt 0.388889 0.416667
vt 0.388889 0.500000
vt 0.388889 0.583333
vt 0.388889 0.666667
vt 0.388889 0.750000
vt 0.388889 0.833333
vt 0.402778 1.000000
vt 0.402778 0.916667
vt 0.402778 0.083333
vt 0.402778 0.000000
vt 0.402778 0.166667
vt 0.402778 0.250000
vt 0.402778 0.333333
vt 0.402778 0.416667
vt 0.402778 0.500000
vt 0.402778 0.583333
vt 0.402778 0.666667
vt 0.402778 0.750000
vt 0.402778 0.833333
vt 0.416667 1.000000
vt 0.416667 0.916667
vt 0.416667 0.083333
vt 0.416667 0.000000
vt 0.416667 0.166667
vt 0.416667 0.250000
vt 0.416667 0.333333
vt 0.416667 0.416667
vt 0.416667 0.500000
vt 0.416667 0.583333
vt 0.416667 0.666667
vt 0.416667 0.750000
vt 0.416667 0.833333
vt 0.430556 1.000000
vt 0.430556 0.916667
vt 0.430556 0.083333
vt 0.430556 0.000000
vt 0.430556 0.166667
vt 0.430556 0.250000
vt 0.430556 0.333333
vt 0.430556 0.416667
vt 0.430556 0.500000
vt 0.430556 0.583333
vt 0.430556 0.666667
vt 0.430556 0.750000
vt 0.430556 0.833333
vt 0.444444 1.000000
vt 0.444444 0.916667
vt 0.444444 0.083333
vt 0.444444 0.000000
vt 0.444444 0.166667
vt 0.444444 0.250000
vt 0.444444 0.333333
vt 0.444444 0.416667
vt 0.444444 0.500000
vt 0.444444 0.583333
vt 0.444444 0.666667
vt 0.444444 0.750000
vt 0.444444 0.833333
vt 0.458333 1.000000
vt 0.458333 0.916667
vt 0.458333 0.083333
vt 0.458333 0.000000
vt 0.458333 0.166667
vt 0.458333 0.250000
vt 0.458333 0.333333
vt 0.458333 0.416667
vt 0.458333 0.500000
vt 0.458333 0.583333
vt 0.458333 0.666667
vt 0.458333 0.750000
vt 0.458333 0.833333
vt 0.472222 1.000000
vt 0.472222 0.916667
vt 0.472222 0.083333
vt 0.472222 0.000000
vt 0.472222 0.166667
vt 0.472222 0.250000
vt 0.472222 0.333333
vt 0.472222 0.416667
vt 0.472222 0.500000
vt 0.472222 0.583333
vt 0.472222 0.666667
vt 0.472222 0.750000
vt 0.472222 0.833333
vt 0.486111 1.000000
vt 0.486111 0.916667
vt 0.486111 0.083333
vt 0.486111 0.000000
vt 0.486111 0.166667
vt 0.486111 0.250000
vt 0.486111 0.333333
vt 0.486111 0.416667
vt 0.486111 0.500000
vt 0.486111 0.583333
vt 0.486111 0.666667
vt 0.486111 0.750000
vt 0.486111 0.833333
vt 0.500000 1.000000
vt 0.500000 0.916667
vt 0.500000 0.083333
vt 0.500000 0.000000
vt 0.500000 0.166667
vt 0.500000 0.250000
vt 0.500000 0.333333
vt 0.500000 0.416667
vt 0.500000 0.500000
vt 0.500000 0.583333
vt 0.500000 0.666667
vt 0.500000 0.750000
vt 0.500000 0.833333
vt 0.513889 1.000000
vt 0.513889 0.916667
vt 0.513889 0.083333
vt 0.513889 0.000000
vt 0.513889 0.166667
vt 0.513889 0.250000
vt 0.513889 0.333333
vt 0.513889 0.416667
vt 0.513889 0.500000
vt 0.513889 0.583333
vt 0.513889 0.666667
vt 0.513889 0.750000
vt 0.513889 0.833333
vt 0.527778 1.000000
vt 0.527778 0.916667
vt 0.527778 0.083333
vt 0.527778 0.000000
vt 0.527778 0.166667
vt 0.527778 0.250000
vt 0.527778 0.333333
vt 0.527778 0.416667
vt 0.527778 0.500000
vt 0.527778 0.583333
vt 0.527778 0.666667
vt 0.527778 0.750000
vt 0.527778 0.833333
vt 0.541667 1.000000
vt 0.541667 0.916667
vt 0.541667 0.083333
vt 0.541667 0.000000
vt 0.541667 0.166667
vt 0.541667 0.250000
vt 0.541667 0.333333
vt 0.541667 0.416667
vt 0.541667 0.500000
vt 0.541667 0.583333
vt 0.541667 0.666667
vt 0.541667 0.750000
vt 0.541667 0.833333
vt 0.555556 1.000000
vt 0.555556 0.916667
vt 0.555556 0.083333
vt 0.555556 0.000000
vt 0.555556 0.166667
vt 0.555556 0.250000
vt 0.555556 0.333333
vt 0.555556 0.416667
vt 0.555556 0.500000
vt 0.555556 0.583333
vt 0.555556 0.666667
vt 0.555556 0.750000
vt 0.555556 0.833333
vt 0.569444 1.000000
vt 0.569444 0.916667
vt 0.569444 0.083333
vt 0.569444 0.000000
vt 0.569444 0.166667
vt 0.569444 0.250000
vt 0.569444 0.333333
vt 0.569444 0.416667
vt 0.569444 0.500000
vt 0.569444 0.583333
vt 0.569444 0.666667
vt 0.569444 0.750000
vt 0.569444 0.833333
vt 0.583333 1.000000
vt 0.583333 0.916667
vt 0.583333 0.083333
vt 0.583333 0.000000
vt 0.583333 0.166667
vt 0.583333 0.250000
vt 0.583333 0.333333
vt 0.583333 0.416667
vt 0.583333 0.500000
vt 0.583333 0.583333
vt 0.583333 0.666667
vt 0.583333 0.750000
vt 0.583333 0.833333
vt 0.597222 1.000000
vt 0.597222 0.916667
vt 0.597222 0.083333
vt 0.597222 0.000000
vt 0.597222 0.166667
vt 0.597222 0.250000
vt 0.597222 0.333333
vt 0.597222 0.416667
vt 0.597222 0.500000
vt 0.597222 0.583333
vt 0.597222 0.666667
vt 0.597222 0.750000
vt 0.597222 0.833333
vt 0.611111 1.000000
vt 0.611111 0.916667
vt 0.611111 0.083333
vt 0.611111 0.000000
vt 0.611111 0.166667
vt 0.611111 0.250000
vt 0.611111 0.333333
vt 0.611111 0.416667
vt 0.611111 0.500000
vt 0.611111 0.583333
vt 0.611111 0.666667
vt 0.611111 0.750000
vt 0.611111 0.833333
vt 0.625000 1.000000
vt 0.625000 0.916667
vt 0.625000 0.083333
vt 0.625000 0.000000
vt 0.625000 0.166667
vt 0.625000 0.250000
vt 0.625000 0.333333
vt 0.625000 0.416667
vt 0.625000 0.500000
vt 0.625000 0.583333
vt 0.625000 0.666667
vt 0.625000 0.750000
vt 0.625000 0.833333
vt 0.638889 1.000000
vt 0.638889 0.916667
vt 0.638889 0.083333
vt 0.638889 0.000000
vt 0.638889 0.166667
vt 0.638889 0.250000
vt 0.638889 0.333333
vt 0.638889 0.416667
vt 0.638889 0.500000
vt 0.638889 0.583333
vt 0.638889 0.666667
vt 0.638889 0.750000
vt 0.638889 0.833333
vt 0.652778 1.000000
vt 0.652778 0.916667
vt 0.652778 0.083333
vt 0.652778 0.000000
vt 0.652778 0.166667
vt 0.652778 0.250000
vt 0.652778 0.333333
vt 0.652778 0.416667
vt 0.652778 0.500000
vt 0.652778 0.583333
vt 0.652778 0.666667
vt 0.652778 0.750000
vt 0.652778 0.833333
vt 0.666667 1.000000
vt 0.666667 0.916667
vt 0.666667 0.083333
vt 0.666667 0.000000
vt 0.666667 0.166667
vt 0.666667 0.250000
vt 0.666667 0.333333
vt 0.666667 0.416667
vt 0.666667 0.500000
vt 0.666667 0.583333
vt 0.666667 0.666667
vt 0.666667 0.750000
vt 0.666667 0.833333
vt 0.680556 1.000000
vt 0.680556 0.916667
vt 0.680556 0.083333
vt 0.680556 0.000000
vt 0.680556 0.166667
vt 0.680556 0.250000
vt 0.680556 0.333333
vt 0.680556 0.416667
vt 0.680556 0.500000
vt 0.680556 0.583333
vt 0.680556 0.666667
vt 0.680556 0.750000
vt 0.680556 0.833333
vt 0.694444 1.000000
vt 0.694444 0.916667
vt 0.694444 0.083333
vt 0.694444 0.000000
vt 0.694444 0.166667
vt 0.694444 0.250000
vt 0.694444 0.333333
vt 0.694444 0.416667
vt 0.694444 0.500000
vt 0.694444 0.583333
vt 0.694444 0.666667
vt 0.694444 0.750000
vt 0.694444 0.833333
vt 0.708333 1.000000
vt 0.708333 0.916667
vt 0.708333 0.083333
vt 0.708333 0.000000
vt 0.708333 0.166667
vt 0.708333 0.250000
vt 0.708333 0.333333
vt 0.708333 0.416667
vt 0.708333 0.500000
vt 0.708333 0.583333
vt 0.708333 0.666667
vt 0.708333 0.750000
vt 0.708333 0.833333
vt 0.722222 1.000000
vt 0.722222 0.916667
vt 0.722222 0.083333
vt 0.722222 0.000000
vt 0.722222 0.166667
vt 0.722222 0.250000
vt 0.722222 0.333333
vt 0.722222 0.416667
vt 0.722222 0.500000
vt 0.722222 0.583333
vt 0.722222 0.666667
vt 0.722222 0.750000
vt 0.722222 0.833333
vt 0.736111 1.000000
vt 0.736111 0.916667
vt 0.736111 0.083333
vt 0.736111 0.000000
vt 0.736111 0.166667
vt 0.736111 0.250000
vt 0.736111 0.333333
vt 0.736111 0.416667
vt 0.736111 0.500000
vt 0.736111 0.583333
vt 0.736111 0.666667
vt 0.736111 0.750000
vt 0.736111 0.833333
vt 0.750000 1.000000
vt 0.750000 0.916667
vt 0.750000 0.083333
vt 0.750000 0.000000
vt 0.750000 0.166667
vt 0.750000 0.250000
vt 0.750000 0.333333
vt 0.750000 0.416667
vt 0.750000 0.500000
vt 0.750000 0.583333
vt 0.750000 0.666667
vt 0.750000 0.750000
vt 0.750000 0.833333
vt 0.763889 1.000000
vt 0.763889 0.916667
vt 0.763889 0.083333
vt 0.763889 0.000000
vt 0.763889 0.166667
vt 0.763889 0.250000
vt 0.763889 0.333333
vt 0.763889 0.416667
vt 0.763889 0.500000
vt 0.763889 0.583333
vt 0.763889 0.666667
vt 0.763889 0.750000
vt 0.763889 0.833333
vt 0.777778 1.000000
vt 0.777778 0.916667
vt 0.777778 0.083333
vt 0.777778 0.000000
vt 0.777778 0.166667
vt 0.777778 0.250000
vt 0.777778 0.333333
vt 0.777778 0.416667
vt 0.777778 0.500000
vt 0.777778 0.583333
vt 0.777778 0.666667
vt 0.777778 0.750000
vt 0.777778 0.833333
vt 0.791667 1.000000
vt 0.791667 0.916667
vt 0.791667 0.083333
vt 0.791667 0.000000
vt 0.791667 0.166667
vt 0.791667 0.250000
vt 0.791667 0.333333
vt 0.791667 0.416667
vt 0.791667 0.500000
vt 0.791667 0.583333
vt 0.791667 0.666667
vt 0.791667 0.750000
vt 0.791667 0.833333
vt 0.805556 1.000000
vt 0.805556 0.916667
vt 0.805556 0.083333
vt 0.805556 0.000000
vt 0.805556 0.166667
vt 0.805556 0.250000
vt 0.805556 0.333333
vt 0.805556 0.416667
vt 0.805556 0.500000
vt 0.805556 0.583333
vt 0.805556 0.666667
vt 0.805556 0.750000
vt 0.805556 0.833333
vt 0.819444 1.000000
vt 0.819444 0.916667
vt 0.819444 0.083333
vt 0.819444 0.000000
vt 0.819444 0.166667
vt 0.819444 0.250000
vt 0.819444 0.333333
vt 0.819444 0.416667
vt 0.819444 0.500000
vt 0.819444 0.583333
vt 0.819444 0.666667
vt 0.819444 0.750000
vt 0.819444 0.833333
vt 0.833333 1.000000
vt 0.833333 0.916667
vt 0.833333 0.083333
vt 0.833333 0.000000
vt 0.833333 0.166667
vt 0.833333 0.250000
vt 0.833333 0.333333
vt 0.833333 0.416667
vt 0.833333 0.500000
vt 0.833333 0.583333
vt 0.833333 0.666667
vt 0.833333 0.750000
vt 0.833333 0.833333
vt 0.847222 1.000000
vt 0.847222 0.916667
vt 0.847222 0.083333
vt 0.847222 0.000000
vt 0.847222 0.166667
vt 0.847222 0.250000
vt 0.847222 0.333333
vt 0.847222 0.416667
vt 0.847222 0.500000
vt 0.847222 0.583333
vt 0.847222 0.666667
vt 0.847222 0.750000
vt 0.847222 0.833333
vt 0.861111 1.000000
vt 0.861111 0.916667
vt 0.861111 0.083333
vt 0.861111 0.000000
vt 0.861111 0.166667
vt 0.861111 0.250000
vt 0.861111 0.333333
vt 0.861111 0.416667
vt 0.861111 0.500000
vt 0.861111 0.583333
vt 0.861111 0.666667
vt 0.861111 0.750000
vt 0.861111 0.833333
vt 0.875000 1.000000
vt 0.875000 0.916667
vt 0.875000 0.083333
vt 0.875000 0.000000
vt 0.875000 0.166667
vt 0.875000 0.250000
vt 0.875000 0.333333
vt 0.875000 0.416667
vt 0.875000 0.500000
vt 0.875000 0.583333
vt 0.875000 0.666667
vt 0.875000 0.750000
vt 0.875000 0.833333
vt 0.888889 1.000000
vt 0.888889 0.916667
vt 0.888889 0.083333
vt 0.888889 0.000000
vt 0.888889 0.166667
vt 0.888889 0.250000
vt 0.888889 0.333333
vt 0.888889 0.416667
vt 0.888889 0.500000
vt 0.888889 0.583333
vt 0.888889 0.666667
vt 0.888889 0.750000
vt 0.888889 0.833333
vt 0.902778 1.000000
vt 0.902778 0.916667
vt 0.902778 0.083333
vt 0.902778 0.000000
vt 0.902778 0.166667
vt 0.902778 0.250000
vt 0.902778 0.333333
vt 0.902778 0.416667
vt 0.902778 0.500000
vt 0.902778 0.583333
vt 0.902778 0.666667
vt 0.902778 0.750000
vt 0.902778 0.833333
vt 0.916667 1.000000
vt 0.916667 0.916667
vt 0.916667 0.083333
vt 0.916667 0.000000
vt 0.916667 0.166667
vt 0.916667 0.250000
vt 0.916667 0.333333
vt 0.916667 0.416667
vt 0.916667 0.500000
vt 0.916667 0.583333
vt 0.916667 0.666667
vt 0.916667 0.750000
vt 0.916667 0.833333
vt 0.930556 1.000000
vt 0.930556 0.916667
vt 0.930556 0.083333
vt 0.930556 0.000000
vt 0.930556 0.166667
vt 0.930556 0.250000
vt 0.930556 0.333333
vt 0.930556 0.416667
vt 0.930556 0.500000
vt 0.930556 0.583333
vt 0.930556 0.666667
vt 0.930556 0.750000
vt 0.930556 0.833333
vt 0.944444 1.000000
vt 0.944444 0.916667
vt 0.944444 0.083333
vt 0.944444 0.000000
vt 0.944444 0.166667
vt 0.944444 0.250000
vt 0.944444 0.333333
vt 0.944444 0.416667
vt 0.944444 0.500000
vt 0.944444 0.583333
vt 0.944444 0.666667
vt 0.944444 0.750000
vt 0.944444 0.833333
vt 0.958333 1.000000
vt 0.958333 0.916667
vt 0.958333 0.083333
vt 0.958333 0.000000
vt 0.958333 0.166667
vt 0.958333 0.250000
vt 0.958333 0.333333
vt 0.958333 0.416667
vt 0.958333 0.500000
vt 0.958333 0.583333
vt 0.958333 0.666667
vt 0.958333 0.750000
vt 0.958333 0.833333
vt 0.972222 1.000000
vt 0.972222 0.916667
vt 0.972222 0.083333
vt 0.972222 0.000000
vt 0.972222 0.166667
vt 0.972222 0.250000
vt 0.972222 0.333333
vt 0.972222 0.416667
vt 0.972222 0.500000
vt 0.972222 0.583333
vt 0.972222 0.666667
vt 0.972222 0.750000
vt 0.972222 0.833333
vt 0.986111 1.000000
vt 0.986111 0.916667
vt 0.986111 0.083333
vt 0.986111 0.000000
vt 0.986111 0.166667
vt 0.986111 0.250000
vt 0.986111 0.333333
vt 0.986111 0.416667
vt 0.986111 0.500000
vt 0.986111 0.583333
vt 0.986111 0.666667
vt 0.986111 0.750000
vt 0.986111 0.833333
vt 1.000000 1.000000
vt 1.000000 0.916667
vt 1.000000 0.083333
vt 1.000000 0.000000
vt 1.000000 0.166667
vt 1.000000 0.250000
vt 1.000000 0.333333
vt 1.000000 0.416667
vt 1.000000 0.500000
vt 1.000000 0.583333
vt 1.000000 0.666667
vt 1.000000 0.750000
vt 1.000000 0.833333
s 1
usemtl Material.014
f 1/1/1 13/2/13 24/3/24 12/4/12
f 2/5/2 14/6/14 13/7/13 1/8/1
f 3/9/3 15/10/15 14/6/14 2/5/2
f 4/11/4 16/12/16 15/10/15 3/9/3
f 5/13/5 17/14/17 16/12/16 4/11/4
f 6/15/6 18/16/18 17/14/17 5/13/5
f 7/17/7 19/18/19 18/16/18 6/15/6
f 8/19/8 20/20/20 19/18/19 7/17/7
f 9/21/9 21/22/21 20/20/20 8/19/8
f 10/23/10 22/24/22 21/22/21 9/21/9
f 11/25/11 23/26/23 22/24/22 10/23/10
f 12/4/12 24/3/24 23/26/23 11/25/11
f 13/2/13 25/27/25 36/28/36 24/3/24
f 14/6/14 26/29/26 25/30/25 13/7/13
f 15/10/15 27/31/27 26/29/26 14/6/14
f 16/12/16 28/32/28 27/31/27 15/10/15
f 17/14/17 29/33/29 28/32/28 16/12/16
f 18/16/18 30/34/30 29/33/29 17/14/17
f 19/18/19 31/35/31 30/34/30 18/16/18
f 20/20/20 32/36/32 31/35/31 19/18/19
f 21/22/21 33/37/33 32/36/32 20/20/20
f 22/24/22 34/38/34 33/37/33 21/22/21
f 23/26/23 35/39/35 34/38/34 22/24/22
f 24/3/24 36/28/36 35/39/35 23/26/23
f 25/27/25 37/40/37 48/41/48 36/28/36
f 26/29/26 38/42/38 37/43/37 25/30/25
f 27/31/27 39/44/39 38/42/38 26/29/26
f 28/32/28 40/45/40 39/44/39 27/31/27
f 29/33/29 41/46/41 40/45/40 28/32/28
f 30/34/30 42/47/42 41/46/41 29/33/29
f 31/35/31 43/48/43 42/47/42 30/34/30
f 32/36/32 44/49/44 43/48/43 31/35/31
f 33/37/33 45/50/45 44/49/44 32/36/32
f 34/38/34 46/51/46 45/50/45 33/37/33
f 35/39/35 47/52/47 46/51/46 34/38/34
f 36/28/36 48/41/48 47/52/47 35/39/35
f 37/40/37 49/53/49 60/54/60 48/41/48
f 38/42/38 50/55/50 49/56/49 37/43/37
f 39/44/39 51/57/51 50/55/50 38/42/38
f 40/45/40 52/58/52 51/57/51 39/44/39
f 41/46/41 53/59/53 52/58/52 40/45/40
f 42/47/42 54/60/54 53/59/53 41/46/41
f 43/48/43 55/61/55 54/60/54 42/47/42
f 44/49/44 56/62/56 55/61/55 43/48/43
f 45/50/45 57/63/57 56/62/56 44/49/44
f 46/51/46 58/64/58 57/63/57 45/50/45
f 47/52/47 59/65/59 58/64/58 46/51/46
f 48/41/48 60/54/60 59/65/59 47/52/47
f 49/53/49 61/66/61 72/67/72 60/54/60
f 50/55/50 62/68/62 61/69/61 49/56/49
f 51/57/51 63/70/63 62/68/62 50/55/50
f 52/58/52 64/71/64 63/70/63 51/57/51
f 53/59/53 65/72/65 64/71/64 52/58/52
f 54/60/54 66/73/66 65/72/65 53/59/53
f 55/61/55 67/74/67 66/73/66 54/60/54
f 56/62/56 68/75/68 67/74/67 55/61/55
f 57/63/57 69/76/69 68/75/68 56/62/56
f 58/64/58 70/77/70 69/76/69 57/63/57
f 59/65/59 71/78/71 70/77/70 58/64/58
f 60/54/60 72/67/72 71/78/71 59/65/59
f 61/66/61 73/79/73 84/80/84 72/67/72
f 62/68/62 74/81/74 73/82/73 61/69/61
f 63/70/63 75/83/75 74/81/74 62/68/62
f 64/71/64 76/84/76 75/83/75 63/70/63
f 65/72/65 77/85/77 76/84/76 64/71/64
f 66/73/66 78/86/78 77/85/77 65/72/65
f 67/74/67 79/87/79 78/86/78 66/73/66
f 68/75/68 80/88/80 79/87/79 67/74/67
f 69/76/69 81/89/81 80/88/80 68/75/68
f 70/77/70 82/90/82 81/89/81 69/76/69
f 71/78/71 83/91/83 82/90/82 70/77/70
f 72/67/72 84/80/84 83/91/83 71/78/71
f 73/79/73 85/92/85 96/93/96 84/80/84
f 74/81/74 86/94/86 85/95/85 73/82/73
f 75/83/75 87/96/87 86/94/86 74/81/74
f 76/84/76 88/97/88 87/96/87 75/83/75
f 77/85/77 89/98/89 88/97/88 76/84/76
f 78/86/78 90/99/90 89/98/89 77/85/77
f 79/87/79 91/100/91 90/99/90 78/86/78
f 80/88/80 92/101/92 91/100/91 79/87/79
f 81/89/81 93/102/93 92/101/92 80/88/80
f 82/90/82 94/103/94 93/102/93 81/89/81
f 83/91/83 95/104/95 94/103/94 82/90/82
f 84/80/84 96/93/96 95/104/95 83/91/83
f 85/92/85 97/105/97 108/106/108 96/93/96
f 86/94/86 98/107/98 97/108/97 85/95/85
f 87/96/87 99/109/99 98/107/98 86/94/86
f 88/97/88 100/110/100 99/109/99 87/96/87
f 89/98/89 101/111/101 100/110/100 88/97/88
f 90/99/90 102/112/102 101/111/101 89/98/89
f 91/100/91 103/113/103 102/112/102 90/99/90
f 92/101/92 104/114/104 103/113/103 91/100/91
f 93/102/93 105/115/105 104/114/104 92/101/92
f 94/103/94 106/116/106 105/115/105 93/102/93
f 95/104/95 107/117/107 106/116/106 94/103/94
f 96/93/96 108/106/108 107/117/107 95/104/95
f 97/105/97 109/118/109 120/119/120 108/106/108
f 98/107/98 110/120/110 109/121/109 97/108/97
f 99/109/99 111/122/111 110/120/110 98/107/98
f 100/110/100 112/123/112 111/122/111 99/109/99
f 101/111/101 113/124/113 112/123/112 100/110/100
f 102/112/102 114/125/114 113/124/113 101/111/101
f 103/113/103 115/126/115 114/125/114 102/112/102
f 104/114/104 116/127/116 115/126/115 103/113/103
f 105/115/105 117/128/117 116/127/116 104/114/104
f 106/116/106 118/129/118 117/128/117 105/115/105
f 107/117/107 119/130/119 118/129/118 106/116/106
f 108/106/108 120/119/120 119/130/119 107/117/107
f 109/118/109 121/131/121 132/132/132 120/119/120
f 110/120/110 122/133/122 121/134/121 109/121/109
f 111/122/111 123/135/123 122/133/122 110/120/110
f 112/123/112 124/136/124 123/135/123 111/122/111
f 113/124/113 125/137/125 124/136/124 112/123/112
f 114/125/114 126/138/126 125/137/125 113/124/113
f 115/126/115 127/139/127 126/138/126 114/125/114
f 116/127/116 128/140/128 127/139/127 115/126/115
f 117/128/117 129/141/129 128/140/128 116/127/116
f 118/129/118 130/142/130 129/141/129 117/128/117
f 119/130/119 131/143/131 130/142/130 118/129/118
f 120/119/120 132/132/132 131/143/131 119/130/119
f 121/131/121 133/144/133 144/145/144 132/132/132
f 122/133/122 134/146/134 133/147/133 121/134/121
f 123/135/123 135/148/135 134/146/134 122/133/122
f 124/136/124 136/149/136 135/148/135 123/135/123
f 125/137/125 137/150/137 136/149/136 124/136/124
f 126/138/126 138/151/138 137/150/137 125/137/125
f 127/139/127 139/152/139 138/151/138 126/138/126
f 128/140/128 140/153/140 139/152/139 127/139/127
f 129/141/129 141/154/141 140/153/140 128/140/128
f 130/142/130 142/155/142 141/154/141 129/141/129
f 131/143/131 143/156/143 142/155/142 130/142/130
f 132/132/132 144/145/144 143/156/143 131/143/131
f 133/144/133 145/157/145 156/158/156 144/145/144
f 134/146/134 146/159/146 145/160/145 133/147/133
f 135/148/135 147/161/147 146/159/146 134/146/134
f 136/149/136 148/162/148 147/161/147 135/148/135
f 137/150/137 149/163/149 148/162/148 136/149/136
f 138/151/138 150/164/150 149/163/149 137/150/137
f 139/152/139 151/165/151 150/164/150 138/151/138
f 140/153/140 152/166/152 151/165/151 139/152/139
f 141/154/141 153/167/153 152/166/152 140/153/140
f 142/155/142 154/168/154 153/167/153 141/154/141
f 143/156/143 155/169/155 154/168/154 142/155/142
f 144/145/144 156/158/156 155/169/155 143/156/143
f 145/157/145 157/170/157 168/171/168 156/158/156
f 146/159/146 158/172/158 157/173/157 145/160/145
f 147/161/147 159/174/159 158/172/158 146/159/146
f 148/162/148 160/175/160 159/174/159 147/161/147
f 149/163/149 161/176/161 160/175/160 148/162/148
f 150/164/150 162/177/162 161/176/161 149/163/149
f 151/165/151 163/178/163 162/177/162 150/164/150
f 152/166/152 164/179/164 163/178/163 151/165/151
f 153/167/153 165/180/165 164/179/164 152/166/152
f 154/168/154 166/181/166 165/180/165 153/167/153
f 155/169/155 167/182/167 166/181/166 154/168/154
f 156/158/156 168/171/168 167/182/167 155/169/155
f 157/170/157 169/183/169 180/184/180 168/171/168
f 158/172/158 170/185/170 169/186/169 157/173/157
f 159/174/159 171/187/171 170/185/170 158/172/158
f 160/175/160 172/188/172 171/187/171 159/174/159
f 161/176/161 173/189/173 172/188/172 160/175/160
f 162/177/162 174/190/174 173/189/173 161/176/161
f 163/178/163 175/191/175 174/190/174 162/177/162
f 164/179/164 176/192/176 175/191/175 163/178/163
f 165/180/165 177/193/177 176/192/176 164/179/164
f 166/181/166 178/194/178 177/193/177 165/180/165
f 167/182/167 179/195/179 178/194/178 166/181/166
f 168/171/168 180/184/180 179/195/179 167/182/167
f 169/183/169 181/196/181 192/197/192 180/184/180
f 170/185/170 182/198/182 181/199/181 169/186/169
f 171/187/171 183/200/183 182/198/182 170/185/170
f 172/188/172 184/201/184 183/200/183 171/187/171
f 173/189/173 185/202/185 184/201/184 172/188/172
f 174/190/174 186/203/186 185/202/185 173/189/173
f 175/191/175 187/204/187 186/203/186 174/190/174
f 176/192/176 188/205/188 187/204/187 175/191/175
f 177/193/177 189/206/189 188/205/188 176/192/176
f 178/194/178 190/207/190 189/206/189 177/193/177
f 179/195/179 191/208/191 190/207/190 178/194/178
f 180/184/180 192/197/192 191/208/191 179/195/179
f 181/196/181 193/209/193 204/210/204 192/197/192
f 182/198/182 194/211/194 193/212/193 181/199/181
f 183/200/183 195/213/195 194/211/194 182/198/182
f 184/201/184 196/214/196 195/213/195 183/200/183
f 185/202/185 197/215/197 196/214/196 184/201/184
f 186/203/186 198/216/198 197/215/197 185/202/185
f 187/204/187 199/217/199 198/216/198 186/203/186
f 188/205/188 200/218/200 199/217/199 187/204/187
f 189/206/189 201/219/201 200/218/200 188/205/188
f 190/207/190 202/220/202 201/219/201 189/206/189
f 191/208/191 203/221/203 202/220/202 190/207/190
f 192/197/192 204/210/204 203/221/203 191/208/191
f 193/209/193 205/222/205 216/223/216 204/210/204
f 194/211/194 206/224/206 205/225/205 193/212/193
f 195/213/195 207/226/207 206/224/206 194/211/194
f 196/214/196 208/227/208 207/226/207 195/213/195
f 197/215/197 209/228/209 208/227/208 196/214/196
f 198/216/198 210/229/210 209/228/209 197/215/197
f 199/217/199 211/230/211 210/229/210 198/216/198
f 200/218/200 212/231/212 211/230/211 199/217/199
f 201/219/201 213/232/213 212/231/212 200/218/200
f 202/220/202 214/233/214 213/232/213 201/219/201
f 203/221/203 215/234/215 214/233/214 202/220/202
f 204/210/204 216/223/216 215/234/215 203/221/203
f 205/222/205 217/235/217 228/236/228 216/223/216
f 206/224/206 218/237/218 217/238/217 205/225/205
f 207/226/207 219/239/219 218/237/218 206/224/206
f 208/227/208 220/240/220 219/239/219 207/226/207
f 209/228/209 221/241/221 220/240/220 208/227/208
f 210/229/210 222/242/222 221/241/221 209/228/209
f 211/230/211 223/243/223 222/242/222 210/229/210
f 212/231/212 224/244/224 223/243/223 211/230/211
f 213/232/213 225/245/225 224/244/224 212/231/212
f 214/233/214 226/246/226 225/245/225 213/232/213
f 215/234/215 227/247/227 226/246/226 214/233/214
f 216/223/216 228/236/228 227/247/227 215/234/215
f 217/235/217 229/248/229 240/249/240 228/236/228
f 218/237/218 230/250/230 229/251/229 217/238/217
f 219/239/219 231/252/231 230/250/230 218/237/218
f 220/240/220 232/253/232 231/252/231 219/239/219
f 221/241/221 233/254/233 232/253/232 220/240/220
f 222/242/222 234/255/234 233/254/233 221/241/221
f 223/243/223 235/256/235 234/255/234 222/242/222
f 224/244/224 236/257/236 235/256/235 223/243/223
f 225/245/225 237/258/237 236/257/236 224/244/224
f 226/246/226 238/259/238 237/258/237 225/245/225
f 227/247/227 239/260/239 238/259/238 226/246/226
f 228/236/228 240/249/240 239/260/239 227/247/227
f 229/248/229 241/261/241 252/262/252 240/249/240
f 230/250/230 242/263/242 241/264/241 229/251/229
f 231/252/231 243/265/243 242/263/242 230/250/230
f 232/253/232 244/266/244 243/265/243 231/252/231
f 233/254/233 245/267/245 244/266/244 232/253/232
f 234/255/234 246/268/246 245/267/245 233/254/233
f 235/256/235 247/269/247 246/268/246 234/255/234
f 236/257/236 248/270/248 247/269/247 235/256/235
f 237/258/237 249/271/249 248/270/248 236/257/236
f 238/259/238 250/272/250 249/271/249 237/258/237
f 239/260/239 251/273/251 250/272/250 238/259/238
f 240/249/240 252/262/252 251/273/251 239/260/239
f 241/261/241 253/274/253 264/275/264 252/262/252
f 242/263/242 254/276/254 253/277/253 241/264/241
f 243/265/243 255/278/255 254/276/254 242/263/242
f 244/266/244 256/279/256 255/278/255 243/265/243
f 245/267/245 257/280/257 256/279/256 244/266/244
f 246/268/246 258/281/258 257/280/257 245/267/245
f 247/269/247 259/282/259 258/281/258 246/268/246
f 248/270/248 260/283/260 259/282/259 247/269/247
f 249/271/249 261/284/261 260/283/260 248/270/248
f 250/272/250 262/285/262 261/284/261 249/271/249
f 251/273/251 263/286/263 262/285/262 250/272/250
f 252/262/252 264/275/264 263/286/263 251/273/251
f 253/274/253 265/287/265 276/288/276 264/275/264
f 254/276/254 266/289/266 265/290/265 253/277/253
f 255/278/255 267/291/267 266/289/266 254/276/254
f 256/279/256 268/292/268 267/291/267 255/278/255
f 257/280/257 269/293/269 268/292/268 256/279/256
f 258/281/258 270/294/270 269/293/269 257/280/257
f 259/282/259 271/295/271 270/294/270 258/281/258
f 260/283/260 272/296/272 271/295/271 259/282/259
f 261/284/261 273/297/273 272/296/272 260/283/260
f 262/285/262 274/298/274 273/297/273 261/284/261
f 263/286/263 275/299/275 274/298/274 262/285/262
f 264/275/264 276/288/276 275/299/275 263/286/263
f 265/287/265 277/300/277 288/301/288 276/288/276
f 266/289/266 278/302/278 277/303/277 265/290/265
f 267/291/267 279/304/279 278/302/278 266/289/266
f 268/292/268 280/305/280 279/304/279 267/291/267
f 269/293/269 281/306/281 280/305/280 268/292/268
f 270/294/270 282/307/282 281/306/281 269/293/269
f 271/295/271 283/308/283 282/307/282 270/294/270
f 272/296/272 284/309/284 283/308/283 271/295/271
f 273/297/273 285/310/285 284/309/284 272/296/272
f 274/298/274 286/311/286 285/310/285 273/297/273
f 275/299/275 287/312/287 286/311/286 274/298/274
f 276/288/276 288/301/288 287/312/287 275/299/275
f 277/300/277 289/313/289 300/314/300 288/301/288
f 278/302/278 290/315/290 289/316/289 277/303/277
f 279/304/279 291/317/291 290/315/290 278/302/278
f 280/305/280 292/318/292 291/317/291 279/304/279
f 281/306/281 293/319/293 292/318/292 280/305/280
f 282/307/282 294/320/294 293/319/293 281/306/281
f 283/308/283 295/321/295 294/320/294 282/307/282
f 284/309/284 296/322/296 295/321/295 283/308/283
f 285/310/285 297/323/297 296/322/296 284/309/284
f 286/311/286 298/324/298 297/323/297 285/310/285
f 287/312/287 299/325/299 298/324/298 286/311/286
f 288/301/288 300/314/300 299/325/299 287/312/287
f 289/313/289 301/326/301 312/327/312 300/314/300
f 290/315/290 302/328/302 301/329/301 289/316/289
f 291/317/291 303/330/303 302/328/302 290/315/290
f 292/318/292 304/331/304 303/330/303 291/317/291
f 293/319/293 305/332/305 304/331/304 292/318/292
f 294/320/294 306/333/306 305/332/305 293/319/293
f 295/321/295 307/334/307 306/333/306 294/320/294
f 296/322/296 308/335/308 307/334/307 295/321/295
f 297/323/297 309/336/309 308/335/308 296/322/296
f 298/324/298 310/337/310 309/336/309 297/323/297
f 299/325/299 311/338/311 310/337/310 298/324/298
f 300/314/300 312/327/312 311/338/311 299/325/299
f 301/326/301 313/339/313 324/340/324 312/327/312
f 302/328/302 314/341/314 313/342/313 301/329/301
f 303/330/303 315/343/315 314/341/314 302/328/302
f 304/331/304 316/344/316 315/343/315 303/330/303
f 305/332/305 317/345/317 316/344/316 304/331/304
f 306/333/306 318/346/318 317/345/317 305/332/305
f 307/334/307 319/347/319 318/346/318 306/333/306
f 308/335/308 320/348/320 319/347/319 307/334/307
f 309/336/309 321/349/321 320/348/320 308/335/308
f 310/337/310 322/350/322 321/349/321 309/336/309
f 311/338/311 323/351/323 322/350/322 310/337/310
f 312/327/312 324/340/324 323/351/323 311/338/311
f 313/339/313 325/352/325 336/353/336 324/340/324
f 314/341/314 326/354/326 325/355/325 313/342/313
f 315/343/315 327/356/327 326/354/326 314/341/314
f 316/344/316 328/357/328 327/356/327 315/343/315
f 317/345/317 329/358/329 328/357/328 316/344/316
f 318/346/318 330/359/330 329/358/329 317/345/317
f 319/347/319 331/360/331 330/359/330 318/346/318
f 320/348/320 332/361/332 331/360/331 319/347/319
f 321/349/321 333/362/333 332/361/332 320/348/320
f 322/350/322 334/363/334 333/362/333 321/349/321
f 323/351/323 335/364/335 334/363/334 322/350/322
f 324/340/324 336/353/336 335/364/335 323/351/323
f 325/352/325 337/365/337 348/366/348 336/353/336
f 326/354/326 338/367/338 337/368/337 325/355/325
f 327/356/327 339/369/339 338/367/338 326/354/326
f 328/357/328 340/370/340 339/369/339 327/356/327
f 329/358/329 341/371/341 340/370/340 328/357/328
f 330/359/330 342/372/342 341/371/341 329/358/329
f 331/360/331 343/373/343 342/372/342 330/359/330
f 332/361/332 344/374/344 343/373/343 331/360/331
f 333/362/333 345/375/345 344/374/344 332/361/332
f 334/363/334 346/376/346 345/375/345 333/362/333
f 335/364/335 347/377/347 346/376/346 334/363/334
f 336/353/336 348/366/348 347/377/347 335/364/335
f 337/365/337 349/378/349 360/379/360 348/366/348
f 338/367/338 350/380/350 349/381/349 337/368/337
f 339/369/339 351/382/351 350/380/350 338/367/338
f 340/370/340 352/383/352 351/382/351 339/369/339
f 341/371/341 353/384/353 352/383/352 340/370/340
f 342/372/342 354/385/354 353/384/353 341/371/341
f 343/373/343 355/386/355 354/385/354 342/372/342
f 344/374/344 356/387/356 355/386/355 343/373/343
f 345/375/345 357/388/357 356/387/356 344/374/344
f 346/376/346 358/389/358 357/388/357 345/375/345
f 347/377/347 359/390/359 358/389/358 346/376/346
f 348/366/348 360/379/360 359/390/359 347/377/347
f 349/378/349 361/391/361 372/392/372 360/379/360
f 350/380/350 362/393/362 361/394/361 349/381/349
f 351/382/351 363/395/363 362/393/362 350/380/350
f 352/383/352 364/396/364 363/395/363 351/382/351
f 353/384/353 365/397/365 364/396/364 352/383/352
f 354/385/354 366/398/366 365/397/365 353/384/353
f 355/386/355 367/399/367 366/398/366 354/385/354
f 356/387/356 368/400/368 367/399/367 355/386/355
f 357/388/357 369/401/369 368/400/368 356/387/356
f 358/389/358 370/402/370 369/401/369 357/388/357
f 359/390/359 371/403/371 370/402/370 358/389/358
f 360/379/360 372/392/372 371/403/371 359/390/359
f 361/391/361 373/404/373 384/405/384 372/392/372
f 362/393/362 374/406/374 373/407/373 361/394/361
f 363/395/363 375/408/375 374/406/374 362/393/362
f 364/396/364 376/409/376 375/408/375 363/395/363
f 365/397/365 377/410/377 376/409/376 364/396/364
f 366/398/366 378/411/378 377/410/377 365/397/365
f 367/399/367 379/412/379 378/411/378 366/398/366
f 368/400/368 380/413/380 379/412/379 367/399/367
f 369/401/369 381/414/381 380/413/380 368/400/368
f 370/402/370 382/415/382 381/414/381 369/401/369
f 371/403/371 383/416/383 382/415/382 370/402/370
f 372/392/372 384/405/384 383/416/383 371/403/371
f 373/404/373 385/417/385 396/418/396 384/405/384
f 374/406/374 386/419/386 385/420/385 373/407/373
f 375/408/375 387/421/387 386/419/386 374/406/374
f 376/409/376 388/422/388 387/421/387 375/408/375
f 377/410/377 389/423/389 388/422/388 376/409/376
f 378/411/378 390/424/390 389/423/389 377/410/377
f 379/412/379 391/425/391 390/424/390 378/411/378
f 380/413/380 392/426/392 391/425/391 379/412/379
f 381/414/381 393/427/393 392/426/392 380/413/380
f 382/415/382 394/428/394 393/427/393 381/414/381
f 383/416/383 395/429/395 394/428/394 382/415/382
f 384/405/384 396/418/396 395/429/395 383/416/383
f 385/417/385 397/430/397 408/431/408 396/418/396
f 386/419/386 398/432/398 397/433/397 385/420/385
f 387/421/387 399/434/399 398/432/398 386/419/386
f 388/422/388 400/435/400 399/434/399 387/421/387
f 389/423/389 401/436/401 400/435/400 388/422/388
f 390/424/390 402/437/402 401/436/401 389/423/389
f 391/425/391 403/438/403 402/437/402 390/424/390
f 392/426/392 404/439/404 403/438/403 391/425/391
f 393/427/393 405/440/405 404/439/404 392/426/392
f 394/428/394 406/441/406 405/440/405 393/427/393
f 395/429/395 407/442/407 406/441/406 394/428/394
f 396/418/396 408/431/408 407/442/407 395/429/395
f 397/430/397 409/443/409 420/444/420 408/431/408
f 398/432/398 410/445/410 409/446/409 397/433/397
f 399/434/399 411/447/411 410/445/410 398/432/398
f 400/435/400 412/448/412 411/447/411 399/434/399
f 401/436/401 413/449/413 412/448/412 400/435/400
f 402/437/402 414/450/414 413/449/413 401/436/401
f 403/438/403 415/451/415 414/450/414 402/437/402
f 404/439/404 416/452/416 415/451/415 403/438/403
f 405/440/405 417/453/417 416/452/416 404/439/404
f 406/441/406 418/454/418 417/453/417 405/440/405
f 407/442/407 419/455/419 418/454/418 406/441/406
f 408/431/408 420/444/420 419/455/419 407/442/407
f 409/443/409 421/456/421 432/457/432 420/444/420
f 410/445/410 422/458/422 421/459/421 409/446/409
f 411/447/411 423/460/423 422/458/422 410/445/410
f 412/448/412 424/461/424 423/460/423 411/447/411
f 413/449/413 425/462/425 424/461/424 412/448/412
f 414/450/414 426/463/426 425/462/425 413/449/413
f 415/451/415 427/464/427 426/463/426 414/450/414
f 416/452/416 428/465/428 427/464/427 415/451/415
f 417/453/417 429/466/429 428/465/428 416/452/416
f 418/454/418 430/467/430 429/466/429 417/453/417
f 419/455/419 431/468/431 430/467/430 418/454/418
f 420/444/420 432/457/432 431/468/431 419/455/419
f 421/456/421 433/469/433 444/470/444 432/457/432
f 422/458/422 434/471/434 433/472/433 421/459/421
f 423/460/423 435/473/435 434/471/434 422/458/422
f 424/461/424 436/474/436 435/473/435 423/460/423
f 425/462/425 437/475/437 436/474/436 424/461/424
f 426/463/426 438/476/438 437/475/437 425/462/425
f 427/464/427 439/477/439 438/476/438 426/463/426
f 428/465/428 440/478/440 439/477/439 427/464/427
f 429/466/429 441/479/441 440/478/440 428/465/428
f 430/467/430 442/480/442 441/479/441 429/466/429
f 431/468/431 443/481/443 442/480/442 430/467/430
f 432/457/432 444/470/444 443/481/443 431/468/431
f 433/469/433 445/482/445 456/483/456 444/470/444
f 434/471/434 446/484/446 445/485/445 433/472/433
f 435/473/435 447/486/447 446/484/446 434/471/434
f 436/474/436 448/487/448 447/486/447 435/473/435
f 437/475/437 449/488/449 448/487/448 436/474/436
f 438/476/438 450/489/450 449/488/449 437/475/437
f 439/477/439 451/490/451 450/489/450 438/476/438
f 440/478/440 452/491/452 451/490/451 439/477/439
f 441/479/441 453/492/453 452/491/452 440/478/440
f 442/480/442 454/493/454 453/492/453 441/479/441
f 443/481/443 455/494/455 454/493/454 442/480/442
f 444/470/444 456/483/456 455/494/455 443/481/443
f 445/482/445 457/495/457 468/496/468 456/483/456
f 446/484/446 458/497/458 457/498/457 445/485/445
f 447/486/447 459/499/459 458/497/458 446/484/446
f 448/487/448 460/500/460 459/499/459 447/486/447
f 449/488/449 461/501/461 460/500/460 448/487/448
f 450/489/450 462/502/462 461/501/461 449/488/449
f 451/490/451 463/503/463 462/502/462 450/489/450
f 452/491/452 464/504/464 463/503/463 451/490/451
f 453/492/453 465/505/465 464/504/464 452/491/452
f 454/493/454 466/506/466 465/505/465 453/492/453
f 455/494/455 467/507/467 466/506/466 454/493/454
f 456/483/456 468/496/468 467/507/467 455/494/455
f 457/495/457 469/508/469 480/509/480 468/496/468
f 458/497/458 470/510/470 469/511/469 457/498/457
f 459/499/459 471/512/471 470/510/470 458/497/458
f 460/500/460 472/513/472 471/512/471 459/499/459
f 461/501/461 473/514/473 472/513/472 460/500/460
f 462/502/462 474/515/474 473/514/473 461/501/461
f 463/503/463 475/516/475 474/515/474 462/502/462
f 464/504/464 476/517/476 475/516/475 463/503/463
f 465/505/465 477/518/477 476/517/476 464/504/464
f 466/506/466 478/519/478 477/518/477 465/505/465
f 467/507/467 479/520/479 478/519/478 466/506/466
f 468/496/468 480/509/480 479/520/479 467/507/467
f 469/508/469 481/521/481 492/522/492 480/509/480
f 470/510/470 482/523/482 481/524/481 469/511/469
f 471/512/471 483/525/483 482/523/482 470/510/470
f 472/513/472 484/526/484 483/525/483 471/512/471
f 473/514/473 485/527/485 484/526/484 472/513/472
f 474/515/474 486/528/486 485/527/485 473/514/473
f 475/516/475 487/529/487 486/528/486 474/515/474
f 476/517/476 488/530/488 487/529/487 475/516/475
f 477/518/477 489/531/489 488/530/488 476/517/476
f 478/519/478 490/532/490 489/531/489 477/518/477
f 479/520/479 491/533/491 490/532/490 478/519/478
f 480/509/480 492/522/492 491/533/491 479/520/479
f 481/521/481 493/534/493 504/535/504 492/522/492
f 482/523/482 494/536/494 493/537/493 481/524/481
f 483/525/483 495/538/495 494/536/494 482/523/482
f 484/526/484 496/539/496 495/538/495 483/525/483
f 485/527/485 497/540/497 496/539/496 484/526/484
f 486/528/486 498/541/498 497/540/497 485/527/485
f 487/529/487 499/542/499 498/541/498 486/528/486
f 488/530/488 500/543/500 499/542/499 487/529/487
f 489/531/489 501/544/501 500/543/500 488/530/488
f 490/532/490 502/545/502 501/544/501 489/531/489
f 491/533/491 503/546/503 502/545/502 490/532/490
f 492/522/492 504/535/504 503/546/503 491/533/491
f 493/534/493 505/547/505 516/548/516 504/535/504
f 494/536/494 506/549/506 505/550/505 493/537/493
f 495/538/495 507/551/507 506/549/506 494/536/494
f 496/539/496 508/552/508 507/551/507 495/538/495
f 497/540/497 509/553/509 508/552/508 496/539/496
f 498/541/498 510/554/510 509/553/509 497/540/497
f 499/542/499 511/555/511 510/554/510 498/541/498
f 500/543/500 512/556/512 511/555/511 499/542/499
f 501/544/501 513/557/513 512/556/512 500/543/500
f 502/545/502 514/558/514 513/557/513 501/544/501
f 503/546/503 515/559/515 514/558/514 502/545/502
f 504/535/504 516/548/516 515/559/515 503/546/503
f 505/547/505 517/560/517 528/561/528 516/548/516
f 506/549/506 518/562/518 517/563/517 505/550/505
f 507/551/507 519/564/519 518/562/518 506/549/506
f 508/552/508 520/565/520 519/564/519 507/551/507
f 509/553/509 521/566/521 520/565/520 508/552/508
f 510/554/510 522/567/522 521/566/521 509/553/509
f 511/555/511 523/568/523 522/567/522 510/554/510
f 512/556/512 524/569/524 523/568/523 511/555/511
f 513/557/513 525/570/525 524/569/524 512/556/512
f 514/558/514 526/571/526 525/570/525 513/557/513
f 515/559/515 527/572/527 526/571/526 514/558/514
f 516/548/516 528/561/528 527/572/527 515/559/515
f 517/560/517 529/573/529 540/574/540 528/561/528
f 518/562/518 530/575/530 529/576/529 517/563/517
f 519/564/519 531/577/531 530/575/530 518/562/518
f 520/565/520 532/578/532 531/577/531 519/564/519
f 521/566/521 533/579/533 532/578/532 520/565/520
f 522/567/522 534/580/534 533/579/533 521/566/521
f 523/568/523 535/581/535 534/580/534 522/567/522
f 524/569/524 536/582/536 535/581/535 523/568/523
f 525/570/525 537/583/537 536/582/536 524/569/524
f 526/571/526 538/584/538 537/583/537 525/570/525
f 527/572/527 539/585/539 538/584/538 526/571/526
f 528/561/528 540/574/540 539/585/539 527/572/527
f 529/573/529 541/586/541 552/587/552 540/574/540
f 530/575/530 542/588/542 541/589/541 529/576/529
f 531/577/531 543/590/543 542/588/542 530/575/530
f 532/578/532 544/591/544 543/590/543 531/577/531
f 533/579/533 545/592/545 544/591/544 532/578/532
f 534/580/534 546/593/546 545/592/545 533/579/533
f 535/581/535 547/594/547 546/593/546 534/580/534
f 536/582/536 548/595/548 547/594/547 535/581/535
f 537/583/537 549/596/549 548/595/548 536/582/536
f 538/584/538 550/597/550 549/596/549 537/583/537
f 539/585/539 551/598/551 550/597/550 538/584/538
f 540/574/540 552/587/552 551/598/551 539/585/539
f 541/586/541 553/599/553 564/600/564 552/587/552
f 542/588/542 554/601/554 553/602/553 541/589/541
f 543/590/543 555/603/555 554/601/554 542/588/542
f 544/591/544 556/604/556 555/603/555 543/590/543
f 545/592/545 557/605/557 556/604/556 544/591/544
f 546/593/546 558/606/558 557/605/557 545/592/545
f 547/594/547 559/607/559 558/606/558 546/593/546
f 548/595/548 560/608/560 559/607/559 547/594/547
f 549/596/549 561/609/561 560/608/560 548/595/548
f 550/597/550 562/610/562 561/609/561 549/596/549
f 551/598/551 563/611/563 562/610/562 550/597/550
f 552/587/552 564/600/564 563/611/563 551/598/551
f 553/599/553 565/612/565 576/613/576 564/600/564
f 554/601/554 566/614/566 565/615/565 553/602/553
f 555/603/555 567/616/567 566/614/566 554/601/554
f 556/604/556 568/617/568 567/616/567 555/603/555
f 557/605/557 569/618/569 568/617/568 556/604/556
f 558/606/558 570/619/570 569/618/569 557/605/557
f 559/607/559 571/620/571 570/619/570 558/606/558
f 560/608/560 572/621/572 571/620/571 559/607/559
f 561/609/561 573/622/573 572/621/572 560/608/560
f 562/610/562 574/623/574 573/622/573 561/609/561
f 563/611/563 575/624/575 574/623/574 562/610/562
f 564/600/564 576/613/576 575/624/575 563/611/563
f 565/612/565 577/625/577 588/626/588 576/613/576
f 566/614/566 578/627/578 577/628/577 565/615/565
f 567/616/567 579/629/579 578/627/578 566/614/566
f 568/617/568 580/630/580 579/629/579 567/616/567
f 569/618/569 581/631/581 580/630/580 568/617/568
f 570/619/570 582/632/582 581/631/581 569/618/569
f 571/620/571 583/633/583 582/632/582 570/619/570
f 572/621/572 584/634/584 583/633/583 571/620/571
f 573/622/573 585/635/585 584/634/584 572/621/572
f 574/623/574 586/636/586 585/635/585 573/622/573
f 575/624/575 587/637/587 586/636/586 574/623/574
f 576/613/576 588/626/588 587/637/587 575/624/575
f 577/625/577 589/638/589 600/639/600 588/626/588
f 578/627/578 590/640/590 589/641/589 577/628/577
f 579/629/579 591/642/591 590/640/590 578/627/578
f 580/630/580 592/643/592 591/642/591 579/629/579
f 581/631/581 593/644/593 592/643/592 580/630/580
f 582/632/582 594/645/594 593/644/593 581/631/581
f 583/633/583 595/646/595 594/645/594 582/632/582
f 584/634/584 596/647/596 595/646/595 583/633/583
f 585/635/585 597/648/597 596/647/596 584/634/584
f 586/636/586 598/649/598 597/648/597 585/635/585
f 587/637/587 599/650/599 598/649/598 586/636/586
f 588/626/588 600/639/600 599/650/599 587/637/587
f 589/638/589 601/651/601 612/652/612 600/639/600
f 590/640/590 602/653/602 601/654/601 589/641/589
f 591/642/591 603/655/603 602/653/602 590/640/590
f 592/643/592 604/656/604 603/655/603 591/642/591
f 593/644/593 605/657/605 604/656/604 592/643/592
f 594/645/594 606/658/606 605/657/605 593/644/593
f 595/646/595 607/659/607 606/658/606 594/645/594
f 596/647/596 608/660/608 607/659/607 595/646/595
f 597/648/597 609/661/609 608/660/608 596/647/596
f 598/649/598 610/662/610 609/661/609 597/648/597
f 599/650/599 611/663/611 610/662/610 598/649/598
f 600/639/600 612/652/612 611/663/611 599/650/599
f 601/651/601 613/664/613 624/665/624 612/652/612
f 602/653/602 614/666/614 613/667/613 601/654/601
f 603/655/603 615/668/615 614/666/614 602/653/602
f 604/656/604 616/669/616 615/668/615 603/655/603
f 605/657/605 617/670/617 616/669/616 604/656/604
f 606/658/606 618/671/618 617/670/617 605/657/605
f 607/659/607 619/672/619 618/671/618 606/658/606
f 608/660/608 620/673/620 619/672/619 607/659/607
f 609/661/609 621/674/621 620/673/620 608/660/608
f 610/662/610 622/675/622 621/674/621 609/661/609
f 611/663/611 623/676/623 622/675/622 610/662/610
f 612/652/612 624/665/624 623/676/623 611/663/611
f 613/664/613 625/677/625 636/678/636 624/665/624
f 614/666/614 626/679/626 625/680/625 613/667/613
f 615/668/615 627/681/627 626/679/626 614/666/614
f 616/669/616 628/682/628 627/681/627 615/668/615
f 617/670/617 629/683/629 628/682/628 616/669/616
f 618/671/618 630/684/630 629/683/629 617/670/617
f 619/672/619 631/685/631 630/684/630 618/671/618
f 620/673/620 632/686/632 631/685/631 619/672/619
f 621/674/621 633/687/633 632/686/632 620/673/620
f 622/675/622 634/688/634 633/687/633 621/674/621
f 623/676/623 635/689/635 634/688/634 622/675/622
f 624/665/624 636/678/636 635/689/635 623/676/623
f 625/677/625 637/690/637 648/691/648 636/678/636
f 626/679/626 638/692/638 637/693/637 625/680/625
f 627/681/627 639/694/639 638/692/638 626/679/626
f 628/682/628 640/695/640 639/694/639 627/681/627
f 629/683/629 641/696/641 640/695/640 628/682/628
f 630/684/630 642/697/642 641/696/641 629/683/629
f 631/685/631 643/698/643 642/697/642 630/684/630
f 632/686/632 644/699/644 643/698/643 631/685/631
f 633/687/633 645/700/645 644/699/644 632/686/632
f 634/688/634 646/701/646 645/700/645 633/687/633
f 635/689/635 647/702/647 646/701/646 634/688/634
f 636/678/636 648/691/648 647/702/647 635/689/635
f 637/690/637 649/703/649 660/704/660 648/691/648
f 638/692/638 650/705/650 649/706/649 637/693/637
f 639/694/639 651/707/651 650/705/650 638/692/638
f 640/695/640 652/708/652 651/707/651 639/694/639
f 641/696/641 653/709/653 652/708/652 640/695/640
f 642/697/642 654/710/654 653/709/653 641/696/641
f 643/698/643 655/711/655 654/710/654 642/697/642
f 644/699/644 656/712/656 655/711/655 643/698/643
f 645/700/645 657/713/657 656/712/656 644/699/644
f 646/701/646 658/714/658 657/713/657 645/700/645
f 647/702/647 659/715/659 658/714/658 646/701/646
f 648/691/648 660/704/660 659/715/659 647/702/647
f 649/703/649 661/716/661 672/717/672 660/704/660
f 650/705/650 662/718/662 661/719/661 649/706/649
f 651/707/651 663/720/663 662/718/662 650/705/650
f 652/708/652 664/721/664 663/720/663 651/707/651
f 653/709/653 665/722/665 664/721/664 652/708/652
f 654/710/654 666/723/666 665/722/665 653/709/653
f 655/711/655 667/724/667 666/723/666 654/710/654
f 656/712/656 668/725/668 667/724/667 655/711/655
f 657/713/657 669/726/669 668/725/668 656/712/656
f 658/714/658 670/727/670 669/726/669 657/713/657
f 659/715/659 671/728/671 670/727/670 658/714/658
f 660/704/660 672/717/672 671/728/671 659/715/659
f 661/716/661 673/729/673 684/730/684 672/717/672
f 662/718/662 674/731/674 673/732/673 661/719/661
f 663/720/663 675/733/675 674/731/674 662/718/662
f 664/721/664 676/734/676 675/733/675 663/720/663
f 665/722/665 677/735/677 676/734/676 664/721/664
f 666/723/666 678/736/678 677/735/677 665/722/665
f 667/724/667 679/737/679 678/736/678 666/723/666
f 668/725/668 680/738/680 679/737/679 667/724/667
f 669/726/669 681/739/681 680/738/680 668/725/668
f 670/727/670 682/740/682 681/739/681 669/726/669
f 671/728/671 683/741/683 682/740/682 670/727/670
f 672/717/672 684/730/684 683/741/683 671/728/671
f 673/729/673 685/742/685 696/743/696 684/730/684
f 674/731/674 686/744/686 685/745/685 673/732/673
f 675/733/675 687/746/687 686/744/686 674/731/674
f 676/734/676 688/747/688 687/746/687 675/733/675
f 677/735/677 689/748/689 688/747/688 676/734/676
f 678/736/678 690/749/690 689/748/689 677/735/677
f 679/737/679 691/750/691 690/749/690 678/736/678
f 680/738/680 692/751/692 691/750/691 679/737/679
f 681/739/681 693/752/693 692/751/692 680/738/680
f 682/740/682 694/753/694 693/752/693 681/739/681
f 683/741/683 695/754/695 694/753/694 682/740/682
f 684/730/684 696/743/696 695/754/695 683/741/683
f 685/742/685 697/755/697 708/756/708 696/743/696
f 686/744/686 698/757/698 697/758/697 685/745/685
f 687/746/687 699/759/699 698/757/698 686/744/686
f 688/747/688 700/760/700 699/759/699 687/746/687
f 689/748/689 701/761/701 700/760/700 688/747/688
f 690/749/690 702/762/702 701/761/701 689/748/689
f 691/750/691 703/763/703 702/762/702 690/749/690
f 692/751/692 704/764/704 703/763/703 691/750/691
f 693/752/693 705/765/705 704/764/704 692/751/692
f 694/753/694 706/766/706 705/765/705 693/752/693
f 695/754/695 707/767/707 706/766/706 694/753/694
f 696/743/696 708/756/708 707/767/707 695/754/695
f 697/755/697 709/768/709 720/769/720 708/756/708
f 698/757/698 710/770/710 709/771/709 697/758/697
f 699/759/699 711/772/711 710/770/710 698/757/698
f 700/760/700 712/773/712 711/772/711 699/759/699
f 701/761/701 713/774/713 712/773/712 700/760/700
f 702/762/702 714/775/714 713/774/713 701/761/701
f 703/763/703 715/776/715 714/775/714 702/762/702
f 704/764/704 716/777/716 715/776/715 703/763/703
f 705/765/705 717/778/717 716/777/716 704/764/704
f 706/766/706 718/779/718 717/778/717 705/765/705
f 707/767/707 719/780/719 718/779/718 706/766/706
f 708/756/708 720/769/720 719/780/719 707/767/707
f 709/768/709 721/781/721 732/782/732 720/769/720
f 710/770/710 722/783/722 721/784/721 709/771/709
f 711/772/711 723/785/723 722/783/722 710/770/710
f 712/773/712 724/786/724 723/785/723 711/772/711
f 713/774/713 725/787/725 724/786/724 712/773/712
f 714/775/714 726/788/726 725/787/725 713/774/713
f 715/776/715 727/789/727 726/788/726 714/775/714
f 716/777/716 728/790/728 727/789/727 715/776/715
f 717/778/717 729/791/729 728/790/728 716/777/716
f 718/779/718 730/792/730 729/791/729 717/778/717
f 719/780/719 731/793/731 730/792/730 718/779/718
f 720/769/720 732/782/732 731/793/731 719/780/719
f 721/781/721 733/794/733 744/795/744 732/782/732
f 722/783/722 734/796/734 733/797/733 721/784/721
f 723/785/723 735/798/735 734/796/734 722/783/722
f 724/786/724 736/799/736 735/798/735 723/785/723
f 725/787/725 737/800/737 736/799/736 724/786/724
f 726/788/726 738/801/738 737/800/737 725/787/725
f 727/789/727 739/802/739 738/801/738 726/788/726
f 728/790/728 740/803/740 739/802/739 727/789/727
f 729/791/729 741/804/741 740/803/740 728/790/728
f 730/792/730 742/805/742 741/804/741 729/791/729
f 731/793/731 743/806/743 742/805/742 730/792/730
f 732/782/732 744/795/744 743/806/743 731/793/731
f 733/794/733 745/807/745 756/808/756 744/795/744
f 734/796/734 746/809/746 745/810/745 733/797/733
f 735/798/735 747/811/747 746/809/746 734/796/734
f 736/799/736 748/812/748 747/811/747 735/798/735
f 737/800/737 749/813/749 748/812/748 736/799/736
f 738/801/738 750/814/750 749/813/749 737/800/737
f 739/802/739 751/815/751 750/814/750 738/801/738
f 740/803/740 752/816/752 751/815/751 739/802/739
f 741/804/741 753/817/753 752/816/752 740/803/740
f 742/805/742 754/818/754 753/817/753 741/804/741
f 743/806/743 755/819/755 754/818/754 742/805/742
f 744/795/744 756/808/756 755/819/755 743/806/743
f 745/807/745 757/820/757 768/821/768 756/808/756
f 746/809/746 758/822/758 757/823/757 745/810/745
f 747/811/747 759/824/759 758/822/758 746/809/746
f 748/812/748 760/825/760 759/824/759 747/811/747
f 749/813/749 761/826/761 760/825/760 748/812/748
f 750/814/750 762/827/762 761/826/761 749/813/749
f 751/815/751 763/828/763 762/827/762 750/814/750
f 752/816/752 764/829/764 763/828/763 751/815/751
f 753/817/753 765/830/765 764/829/764 752/816/752
f 754/818/754 766/831/766 765/830/765 753/817/753
f 755/819/755 767/832/767 766/831/766 754/818/754
f 756/808/756 768/821/768 767/832/767 755/819/755
f 757/820/757 769/833/769 780/834/780 768/821/768
f 758/822/758 770/835/770 769/836/769 757/823/757
f 759/824/759 771/837/771 770/835/770 758/822/758
f 760/825/760 772/838/772 771/837/771 759/824/759
f 761/826/761 773/839/773 772/838/772 760/825/760
f 762/827/762 774/840/774 773/839/773 761/826/761
f 763/828/763 775/841/775 774/840/774 762/827/762
f 764/829/764 776/842/776 775/841/775 763/828/763
f 765/830/765 777/843/777 776/842/776 764/829/764
f 766/831/766 778/844/778 777/843/777 765/830/765
f 767/832/767 779/845/779 778/844/778 766/831/766
f 768/821/768 780/834/780 779/845/779 767/832/767
f 769/833/769 781/846/781 792/847/792 780/834/780
f 770/835/770 782/848/782 781/849/781 769/836/769
f 771/837/771 783/850/783 782/848/782 770/835/770
f 772/838/772 784/851/784 783/850/783 771/837/771
f 773/839/773 785/852/785 784/851/784 772/838/772
f 774/840/774 786/853/786 785/852/785 773/839/773
f 775/841/775 787/854/787 786/853/786 774/840/774
f 776/842/776 788/855/788 787/854/787 775/841/775
f 777/843/777 789/856/789 788/855/788 776/842/776
f 778/844/778 790/857/790 789/856/789 777/843/777
f 779/845/779 791/858/791 790/857/790 778/844/778
f 780/834/780 792/847/792 791/858/791 779/845/779
f 781/846/781 793/859/793 804/860/804 792/847/792
f 782/848/782 794/861/794 793/862/793 781/849/781
f 783/850/783 795/863/795 794/861/794 782/848/782
f 784/851/784 796/864/796 795/863/795 783/850/783
f 785/852/785 797/865/797 796/864/796 784/851/784
f 786/853/786 798/866/798 797/865/797 785/852/785
f 787/854/787 799/867/799 798/866/798 786/853/786
f 788/855/788 800/868/800 799/867/799 787/854/787
f 789/856/789 801/869/801 800/868/800 788/855/788
f 790/857/790 802/870/802 801/869/801 789/856/789
f 791/858/791 803/871/803 802/870/802 790/857/790
f 792/847/792 804/860/804 803/871/803 791/858/791
f 793/859/793 805/872/805 816/873/816 804/860/804
f 794/861/794 806/874/806 805/875/805 793/862/793
f 795/863/795 807/876/807 806/874/806 794/861/794
f 796/864/796 808/877/808 807/876/807 795/863/795
f 797/865/797 809/878/809 808/877/808 796/864/796
f 798/866/798 810/879/810 809/878/809 797/865/797
f 799/867/799 811/880/811 810/879/810 798/866/798
f 800/868/800 812/881/812 811/880/811 799/867/799
f 801/869/801 813/882/813 812/881/812 800/868/800
f 802/870/802 814/883/814 813/882/813 801/869/801
f 803/871/803 815/884/815 814/883/814 802/870/802
f 804/860/804 816/873/816 815/884/815 803/871/803
f 805/872/805 817/885/817 828/886/828 816/873/816
f 806/874/806 818/887/818 817/888/817 805/875/805
f 807/876/807 819/889/819 818/887/818 806/874/806
f 808/877/808 820/890/820 819/889/819 807/876/807
f 809/878/809 821/891/821 820/890/820 808/877/808
f 810/879/810 822/892/822 821/891/821 809/878/809
f 811/880/811 823/893/823 822/892/822 810/879/810
f 812/881/812 824/894/824 823/893/823 811/880/811
f 813/882/813 825/895/825 824/894/824 812/881/812
f 814/883/814 826/896/826 825/895/825 813/882/813
f 815/884/815 827/897/827 826/896/826 814/883/814
f 816/873/816 828/886/828 827/897/827 815/884/815
f 817/885/817 829/898/829 840/899/840 828/886/828
f 818/887/818 830/900/830 829/901/829 817/888/817
f 819/889/819 831/902/831 830/900/830 818/887/818
f 820/890/820 832/903/832 831/902/831 819/889/819
f 821/891/821 833/904/833 832/903/832 820/890/820
f 822/892/822 834/905/834 833/904/833 821/891/821
f 823/893/823 835/906/835 834/905/834 822/892/822
f 824/894/824 836/907/836 835/906/835 823/893/823
f 825/895/825 837/908/837 836/907/836 824/894/824
f 826/896/826 838/909/838 837/908/837 825/895/825
f 827/897/827 839/910/839 838/909/838 826/896/826
f 828/886/828 840/899/840 839/910/839 827/897/827
f 829/898/829 841/911/841 852/912/852 840/899/840
f 830/900/830 842/913/842 841/914/841 829/901/829
f 831/902/831 843/915/843 842/913/842 830/900/830
f 832/903/832 844/916/844 843/915/843 831/902/831
f 833/904/833 845/917/845 844/916/844 832/903/832
f 834/905/834 846/918/846 845/917/845 833/904/833
f 835/906/835 847/919/847 846/918/846 834/905/834
f 836/907/836 848/920/848 847/919/847 835/906/835
f 837/908/837 849/921/849 848/920/848 836/907/836
f 838/909/838 850/922/850 849/921/849 837/908/837
f 839/910/839 851/923/851 850/922/850 838/909/838
f 840/899/840 852/912/852 851/923/851 839/910/839
f 841/911/841 853/924/853 864/925/864 852/912/852
f 842/913/842 854/926/854 853/927/853 841/914/841
f 843/915/843 855/928/855 854/926/854 842/913/842
f 844/916/844 856/929/856 855/928/855 843/915/843
f 845/917/845 857/930/857 856/929/856 844/916/844
f 846/918/846 858/931/858 857/930/857 845/917/845
f 847/919/847 859/932/859 858/931/858 846/918/846
f 848/920/848 860/933/860 859/932/859 847/919/847
f 849/921/849 861/934/861 860/933/860 848/920/848
f 850/922/850 862/935/862 861/934/861 849/921/849
f 851/923/851 863/936/863 862/935/862 850/922/850
f 852/912/852 864/925/864 863/936/863 851/923/851
f 853/924/853 865/937/865 876/938/876 864/925/864
f 854/926/854 866/939/866 865/940/865 853/927/853
f 855/928/855 867/941/867 866/939/866 854/926/854
f 856/929/856 868/942/868 867/941/867 855/928/855
f 857/930/857 869/943/869 868/942/868 856/929/856
f 858/931/858 870/944/870 869/943/869 857/930/857
f 859/932/859 871/945/871 870/944/870 858/931/858
f 860/933/860 872/946/872 871/945/871 859/932/859
f 861/934/861 873/947/873 872/946/872 860/933/860
f 862/935/862 874/948/874 873/947/873 861/934/861
f 863/936/863 875/949/875 874/948/874 862/935/862
f 864/925/864 876/938/876 875/949/875 863/936/863
